case_id,condition,package_case,sweep_row,config_workbook,contribution,thru,n_fext,n_next,COM_dB,COM_orig,delta_COM,FOM,itick,ERL,VEC_dB,VEO_mV,ICN_mV,FOM_ILD,DER_thresh,DER_MLSE,pass,TXLE_taps,CTLE_zero_poles,DFE_taps,floating_tap_locations
wXtalk_T1_R01,wXtalk,1,1,config_com_dj_200G_CAKR_178_PKGA_06_2_2025__Case1_sweep_TxFFE.xlsx,akinwale_3dj_02_2311,Tx_PCB_4dB_OSFP_22dB_OSFP_4dB_PCB_Rx_TP0_TP5_VendorX_thru1.s4p,3,2,2.895898684873259,1.5247607834259955,1.371137901447263,12.09425586816722,-6.0,10.463367429754785,10.948376227366534,1.730521477893189,1.0173928373572108,0.2992198831865842,0.0014655728506633,3.4482525026118375e-07,0,"[0.0, 0.0, 1.0, 0.0]","[42500000000.0, 106250000000.0, 42500000000.0]",[0.8420108271486361],"[21.0, 22.0, 23.0, 24.0, 25.0, 26.0, 27.0, 28.0]"
wXtalk_T1_R02,wXtalk,1,2,config_com_dj_200G_CAKR_178_PKGA_06_2_2025__Case1_sweep_TxFFE.xlsx,akinwale_3dj_02_2311,Tx_PCB_4dB_OSFP_27dB_OSFP_4dB_PCB_Rx_TP0_TP5_VendorX_thru1.s4p,3,2,0.5314620542956588,-0.3906336906251152,0.922095744920774,10.27659303340249,-1.0,10.495295547917436,19.93773529151713,-0.3711003728089131,0.9533043423995666,0.3171462053575816,0.0086416343965456,8.36225163954563e-05,0,"[0.0, 0.0, 1.0, 0.0]","[42500000000.0, 106250000000.0, 42500000000.0]",[0.85],"[21.0, 22.0, 23.0, 24.0, 25.0, 26.0, 27.0, 28.0]"
wXtalk_T1_R03,wXtalk,1,3,config_com_dj_200G_CAKR_178_PKGA_06_2_2025__Case1_sweep_TxFFE.xlsx,akinwale_3dj_02_2311,Tx_PCB_4dB_OSFP_22dB_OSFP_4dB_PCB_Rx_TP0_TP5_VendorY_thru1.s4p,3,2,3.432966200119252,2.0915490792118483,1.341417120907404,12.680724221029786,-15.0,9.650803469195354,9.722917607395004,2.4726468733136926,1.4239474354657686,0.4047469349029776,0.0007466359298842,5.965245136051569e-08,1,"[0.0, 0.0, 1.0, 0.0]","[42500000000.0, 106250000000.0, 42500000000.0]",[0.8197584066300139],"[21.0, 22.0, 23.0, 24.0, 26.0, 27.0, 28.0, 29.0]"
wXtalk_T1_R04,wXtalk,1,4,config_com_dj_200G_CAKR_178_PKGA_06_2_2025__Case1_sweep_TxFFE.xlsx,akinwale_3dj_02_2311,Tx_PCB_4dB_OSFP_27dB_OSFP_4dB_PCB_Rx_TP0_TP5_VendorY_thru1.s4p,3,2,-0.3783925932921428,-1.0307678103065396,0.6523752170143968,9.648324987158045,-12.0,9.6745823454132,22.81048316320482,-0.8842750316130701,1.3203520269672142,0.417653259286072,0.013454572360767,0.0003572277454499,0,"[0.0, 0.0, 1.0, 0.0]","[42500000000.0, 106250000000.0, 42500000000.0]",[0.85],"[21.0, 22.0, 23.0, 24.0, 25.0, 26.0, 27.0, 28.0]"
wXtalk_T1_R05,wXtalk,1,5,config_com_dj_200G_CAKR_178_PKGA_06_2_2025__Case1_sweep_TxFFE.xlsx,weaver_3dj_02_2311,HH_5in_DAC_X_0p5m_HN_3in_thru_TP0_Tx7_to_TP5_Rx7.s4p,3,2,5.027838163476269,3.5828402112059727,1.4449979522702965,14.169880433235091,-12.0,14.774742624150129,7.141650795301176,5.7982546120788525,0.846339567971206,0.2178019884480083,7.739011339828327e-05,6.685297499158752e-11,1,"[0.0, 0.0, 1.0, 0.0]","[42500000000.0, 106250000000.0, 42500000000.0]",[0.7173421669084546],"[18.0, 19.0, 20.0, 21.0, 23.0, 24.0, 25.0, 26.0]"
wXtalk_T1_R06,wXtalk,1,6,config_com_dj_200G_CAKR_178_PKGA_06_2_2025__Case1_sweep_TxFFE.xlsx,weaver_3dj_02_2311,HH_5in_DAC_X_1p0m_HL_2in_thru_TP0_Tx7_to_TP5_Rx7.s4p,3,2,4.49517212554236,2.926035764476507,1.5691363610658529,13.473154090703035,-11.0,13.798885244982174,7.872229128177608,3.6861508989780414,0.8491432915124011,0.2123964717298165,0.0002298934434418,8.972986438143307e-10,1,"[0.0, 0.0, 1.0, 0.0]","[42500000000.0, 106250000000.0, 42500000000.0]",[0.8104690938818163],"[19.0, 20.0, 21.0, 22.0, 23.0, 24.0, 25.0, 26.0]"
wXtalk_T1_R07,wXtalk,1,7,config_com_dj_200G_CAKR_178_PKGA_06_2_2025__Case1_sweep_TxFFE.xlsx,weaver_3dj_02_2311,HN_3in_DAC_X_1p0m_HN_3in_thru_TP0_Tx7_to_TP5_Rx7.s4p,3,2,3.2872034672104613,1.7981890881186366,1.4890143790918249,12.443167589419456,-8.0,13.773400953924131,10.031582335082218,2.432551874193131,1.0800959317287344,0.2639479003098191,0.0010663722081806,9.550003827519843e-08,1,"[0.0, -0.040000000000000036, 0.96, 0.0]","[42500000000.0, 106250000000.0, 42500000000.0]",[0.8067003431400913],"[23.0, 24.0, 25.0, 26.0, 32.0, 33.0, 34.0, 35.0]"
wXtalk_T1_R08,wXtalk,1,8,config_com_dj_200G_CAKR_178_PKGA_06_2_2025__Case1_sweep_TxFFE.xlsx,weaver_3dj_02_2311,HN_3in_DAC_X_1p5m_HL_2in_thru_TP0_Tx7_to_TP5_Rx7.s4p,3,2,2.742423821034474,1.2096149476276357,1.532808873406838,11.87533277425696,-6.0,12.826078008523794,11.348758426784762,1.4244082662846995,0.9962781277870932,0.2677168200907788,0.0020528454512931,5.269107448124888e-07,0,"[0.0, -0.040000000000000036, 0.96, 0.0]","[42500000000.0, 106250000000.0, 42500000000.0]",[0.85],"[23.0, 24.0, 25.0, 26.0, 32.0, 33.0, 34.0, 35.0]"
wXtalk_T1_R09,wXtalk,1,9,config_com_dj_200G_CAKR_178_PKGA_06_2_2025__Case1_sweep_TxFFE.xlsx,weaver_3dj_02_2311,HH_5in_DAC_Y_0p5m_HN_3in_thru_TP0_Tx7_to_TP5_Rx7.s4p,3,2,5.098079809186016,3.6751740001643594,1.4229058090216578,14.263465184878974,-15.0,14.70364353980927,7.052872031676148,5.936573772617183,1.7671760731573107,0.2872563362890634,6.475182693352128e-05,3.768609478530305e-11,1,"[0.0, 0.0, 1.0, 0.0]","[42500000000.0, 106250000000.0, 42500000000.0]",[0.7085506730679118],"[23.0, 24.0, 25.0, 26.0, 27.0, 28.0, 29.0, 30.0]"
wXtalk_T1_R10,wXtalk,1,10,config_com_dj_200G_CAKR_178_PKGA_06_2_2025__Case1_sweep_TxFFE.xlsx,weaver_3dj_02_2311,HH_5in_DAC_Y_1p0m_HL_2in_thru_TP0_Tx7_to_TP5_Rx7.s4p,3,2,4.610450737025397,3.172810590902888,1.4376401461225088,13.762709810149572,-16.0,13.87578983664477,7.704914760876658,4.039724491743056,1.3917306515351118,0.284663578600221,0.0001573865616011,5.173200719068663e-10,1,"[0.0, 0.0, 1.0, 0.0]","[42500000000.0, 106250000000.0, 42500000000.0]",[0.7617268137531259],"[23.0, 24.0, 25.0, 26.0, 27.0, 28.0, 29.0, 30.0]"
wXtalk_T1_R11,wXtalk,1,11,config_com_dj_200G_CAKR_178_PKGA_06_2_2025__Case1_sweep_TxFFE.xlsx,weaver_3dj_02_2311,HN_3in_DAC_Y_1p0m_HN_3in_thru_TP0_Tx7_to_TP5_Rx7.s4p,3,2,4.573567923057995,3.1728105909028947,1.4007573321551,13.789935237416614,-15.0,14.374786258899745,7.757855804678478,4.562253977511603,1.5037373294138936,0.2831863102801126,0.0001546471096303,5.22230854797027e-10,1,"[0.0, 0.0, 1.0, 0.0]","[42500000000.0, 106250000000.0, 42500000000.0]",[0.7307428165412726],"[23.0, 24.0, 25.0, 26.0, 27.0, 28.0, 29.0, 30.0]"
wXtalk_T1_R12,wXtalk,1,12,config_com_dj_200G_CAKR_178_PKGA_06_2_2025__Case1_sweep_TxFFE.xlsx,weaver_3dj_02_2311,HN_3in_DAC_Y_1p5m_HL_2in_thru_TP0_Tx7_to_TP5_Rx7.s4p,3,2,4.067715136285233,2.6153656053805,1.4523495309047325,13.244274567917362,-16.0,14.066696194769378,8.543904143922852,2.8385440162756823,1.1985235602352002,0.2854580396531016,0.0003647094036992,5.437613278528319e-09,1,"[0.0, 0.0, 1.0, 0.0]","[42500000000.0, 106250000000.0, 42500000000.0]",[0.7903398661052498],"[23.0, 24.0, 25.0, 26.0, 27.0, 28.0, 29.0, 30.0]"
wXtalk_T1_R13,wXtalk,1,13,config_com_dj_200G_CAKR_178_PKGA_06_2_2025__Case1_sweep_TxFFE.xlsx,weaver_3dj_02_2311,HH_5in_DAC_Z_0p5m_HN_3in_thru_TP0_Tx7_to_TP5_Rx7.s4p,3,2,5.948755916930946,4.3362261784948295,1.612529738436116,14.824146875407678,-11.0,15.756247911920845,6.093043115848751,6.169888705952601,0.9078118411839652,0.1439001504190031,1.7625355802656013e-05,2.612976240470143e-13,1,"[0.0, 0.0, 1.0, 0.0]","[42500000000.0, 106250000000.0, 42500000000.0]",[0.755019611387687],"[22.0, 23.0, 24.0, 25.0, 27.0, 28.0, 29.0, 30.0]"
wXtalk_T1_R14,wXtalk,1,14,config_com_dj_200G_CAKR_178_PKGA_06_2_2025__Case1_sweep_TxFFE.xlsx,weaver_3dj_02_2311,HH_5in_DAC_Z_1p0m_HL_2in_thru_TP0_Tx7_to_TP5_Rx7.s4p,3,2,5.275444980746525,3.491477644643548,1.7839673361029773,13.969846159666195,-8.0,14.836836133184113,6.8357311783745,4.0802768695796745,0.7675152711307883,0.1403046720303077,9.192794900143043e-05,1.7551866545265028e-11,1,"[0.0, 0.0, 1.0, 0.0]","[42500000000.0, 106250000000.0, 42500000000.0]",[0.845692578903479],"[21.0, 22.0, 23.0, 24.0, 27.0, 28.0, 29.0, 30.0]"
wXtalk_T1_R15,wXtalk,1,15,config_com_dj_200G_CAKR_178_PKGA_06_2_2025__Case1_sweep_TxFFE.xlsx,weaver_3dj_02_2311,HN_3in_DAC_Z_1p0m_HN_3in_thru_TP0_Tx7_to_TP5_Rx7.s4p,3,2,3.557672898682965,1.8732991638981895,1.6843737347847754,12.528248632356911,-3.0,13.962045656095832,9.471170472987172,2.4770477176063195,1.50178825384469,0.1890837574228177,0.0009756001467876,3.5300020750085055e-08,1,"[0.0, -0.020000000000000018, 0.98, 0.0]","[42500000000.0, 106250000000.0, 42500000000.0]",[0.8499999999999999],"[21.0, 22.0, 23.0, 24.0, 26.0, 27.0, 28.0, 29.0]"
wXtalk_T1_R16,wXtalk,1,16,config_com_dj_200G_CAKR_178_PKGA_06_2_2025__Case1_sweep_TxFFE.xlsx,weaver_3dj_02_2311,HN_3in_DAC_Z_1p5m_HL_2in_thru_TP0_Tx7_to_TP5_Rx7.s4p,3,2,2.491509244801306,0.9441511391181772,1.5473581056831287,11.691042183339173,0.0,13.230870127907902,12.06303282415797,1.0216513406685006,1.3048469458085483,0.188684623289579,0.0027105327239827,1.054332337487759e-06,0,"[0.0, -0.10000000000000003, 0.8999999999999999, 0.0]","[42500000000.0, 106250000000.0, 42500000000.0]",[0.85],"[22.0, 23.0, 24.0, 25.0, 26.0, 27.0, 28.0, 29.0]"
wXtalk_T1_R17,wXtalk,1,17,config_com_dj_200G_CAKR_178_PKGA_06_2_2025__Case1_sweep_TxFFE.xlsx,akinwale_3dj_01_2310,Tx_NPC_250mm_32AWG_BPK_100mm_27AWG_BPK_250mm_32AWG_NPC_Rx_thru1.s4p,3,4,6.037703738244629,4.6510231409202,1.3866805973244287,15.305894670059354,-21.0,11.630659581067992,6.003529702142302,10.779548695519557,1.5237525851314997,0.1815129392873195,8.719624896716035e-06,1.9269669132668366e-13,1,"[0.0, 0.0, 1.0, 0.0]","[42500000000.0, 106250000000.0, 42500000000.0]",[0.6476359665387222],"[23.0, 24.0, 25.0, 26.0, 27.0, 28.0, 29.0, 30.0]"
wXtalk_T1_R18,wXtalk,1,18,config_com_dj_200G_CAKR_178_PKGA_06_2_2025__Case1_sweep_TxFFE.xlsx,akinwale_3dj_01_2310,Tx_NPC_250mm_32AWG_BPK_300mm_27AWG_BPK_250mm_32AWG_NPC_Rx_thru1.s4p,3,4,5.831980895670038,4.442224820449174,1.3897560752208646,15.087790708100473,-21.0,11.750789051400773,6.21340599238887,9.013603308537007,1.3983825000346233,0.1852500301147124,1.4304856364642622e-05,7.637504767744625e-13,1,"[0.0, 0.0, 1.0, 0.0]","[42500000000.0, 106250000000.0, 42500000000.0]",[0.6793282909366525],"[23.0, 24.0, 25.0, 26.0, 27.0, 28.0, 29.0, 30.0]"
wXtalk_T1_R19,wXtalk,1,19,config_com_dj_200G_CAKR_178_PKGA_06_2_2025__Case1_sweep_TxFFE.xlsx,akinwale_3dj_01_2310,Tx_NPC_250mm_32AWG_BPK_500mm_27AWG_BPK_250mm_32AWG_NPC_Rx_thru1.s4p,3,4,5.588376933026099,4.180230498223706,1.408146434802393,14.836075021377528,-22.0,11.83859428225629,6.475462456050794,7.351722392684609,1.2967537077243296,0.1850527051958356,2.4839182882294168e-05,3.38650545571987e-12,1,"[0.0, 0.0, 1.0, 0.0]","[42500000000.0, 106250000000.0, 42500000000.0]",[0.7225453559438386],"[23.0, 24.0, 25.0, 26.0, 27.0, 28.0, 29.0, 30.0]"
wXtalk_T1_R20,wXtalk,1,20,config_com_dj_200G_CAKR_178_PKGA_06_2_2025__Case1_sweep_TxFFE.xlsx,akinwale_3dj_01_2310,Tx_NPC_250mm_32AWG_BPK_700mm_27AWG_BPK_250mm_32AWG_NPC_Rx_thru1.s4p,3,4,5.15586339614771,3.755106063992608,1.4007573321551017,14.426313753187149,-22.0,11.906745982525557,6.981042449080329,5.634161718340747,1.2140862104630197,0.1821697300626366,5.742885327325841e-05,4.106498094286472e-11,1,"[0.0, 0.0, 1.0, 0.0]","[42500000000.0, 106250000000.0, 42500000000.0]",[0.7579459997114771],"[23.0, 24.0, 25.0, 26.0, 27.0, 28.0, 29.0, 30.0]"
wXtalk_T1_R21,wXtalk,1,21,config_com_dj_200G_CAKR_178_PKGA_06_2_2025__Case1_sweep_TxFFE.xlsx,akinwale_3dj_01_2310,Tx_NPC_250mm_32AWG_BPK_900mm_27AWG_BPK_250mm_32AWG_NPC_Rx_thru1.s4p,3,4,4.606753463294735,3.2356155618474727,1.371137901447263,13.881482776042237,-21.0,11.95133307561376,7.710197136670288,4.2020437137733815,1.1464544285973737,0.186447084300704,0.0001405511403495,5.813541083625591e-10,1,"[0.0, 0.0, 1.0, 0.0]","[42500000000.0, 106250000000.0, 42500000000.0]",[0.7883462598374786],"[23.0, 24.0, 25.0, 26.0, 27.0, 28.0, 29.0, 30.0]"
wXtalk_T1_R22,wXtalk,1,22,config_com_dj_200G_CAKR_178_PKGA_06_2_2025__Case1_sweep_TxFFE.xlsx,akinwale_3dj_01_2310,Tx_NPC_250mm_32AWG_BPK_1200mm_27AWG_BPK_250mm_32AWG_NPC_Rx_thru1.s4p,3,4,3.5631419232433013,2.281473203971381,1.28166871927192,12.921375524480611,-20.0,12.003065745741557,9.460376578741933,2.3819159277215878,1.0694818281685954,0.1951869897132103,0.0005797754359489,3.94971815180907e-08,1,"[0.0, 0.0, 1.0, 0.0]","[42500000000.0, 106250000000.0, 42500000000.0]",[0.8230096970369485],"[21.0, 22.0, 23.0, 24.0, 25.0, 26.0, 27.0, 28.0]"
wXtalk_T1_R23,wXtalk,1,23,config_com_dj_200G_CAKR_178_PKGA_06_2_2025__Case1_sweep_TxFFE.xlsx,akinwale_3dj_01_2310,Tx_NPC_250mm_32AWG_BPK_1400mm_27AWG_BPK_250mm_32AWG_NPC_Rx_thru1.s4p,3,4,2.7698312582919185,1.5558744512196836,1.2139568070722346,12.186519336779352,-19.0,12.027313509232158,11.275363845607902,1.4103265863488323,1.0306150043077391,0.1973866386707931,0.0014094285080147,5.14400226350091e-07,0,"[0.0, 0.0, 1.0, 0.0]","[42500000000.0, 106250000000.0, 42500000000.0]",[0.8466151538079125],"[21.0, 22.0, 23.0, 24.0, 25.0, 26.0, 27.0, 28.0]"
wXtalk_T1_R24,wXtalk,1,24,config_com_dj_200G_CAKR_178_PKGA_06_2_2025__Case1_sweep_TxFFE.xlsx,lim_3dj_07_2309,li_dj_CR_Design_C_Rev1_THRU.s4p,2,1,5.146876181661257,3.4268020692936183,1.720074112367639,13.911014705294871,-9.0,16.232681478737035,6.99214406683477,3.909769599040056,0.8731272731456233,0.1410837226929686,0.0001007747084821,3.28432435991542e-11,1,"[0.0, 0.0, 1.0, 0.0]","[42500000000.0, 106250000000.0, 42500000000.0]",[0.8373067211292697],"[16.0, 17.0, 18.0, 19.0, 23.0, 24.0, 25.0, 26.0]"
wXtalk_T1_R25,wXtalk,1,25,config_com_dj_200G_CAKR_178_PKGA_06_2_2025__Case1_sweep_TxFFE.xlsx,lim_3dj_04_230629,li_dj_CR_Design_B_Rev1_THRU.s4p,2,1,4.481028626769471,2.9993348462045955,1.4816937805648756,13.520765564868864,-10.0,15.836549466657567,7.893135848322535,3.5201333143019453,0.7753929746645429,0.1952949400131935,0.0002070463973698,9.917976538862735e-10,1,"[0.0, 0.0, 1.0, 0.0]","[42500000000.0, 106250000000.0, 42500000000.0]",[0.7876755221310363],"[21.0, 22.0, 23.0, 24.0, 25.0, 26.0, 27.0, 28.0]"
wXtalk_T1_R26,wXtalk,1,26,config_com_dj_200G_CAKR_178_PKGA_06_2_2025__Case1_sweep_TxFFE.xlsx,lim_3dj_03_230629,li_dj_CR_Design_A_Rev1_THRU.s4p,2,1,3.604584391886285,2.315424607347916,1.289159784538369,12.947213522052689,-16.0,15.650321115721876,9.3792353480269,2.7230963010627125,1.9883527516958612,0.2623953445625633,0.000558883939919,2.883457748763445e-08,1,"[0.0, 0.0, 1.0, 0.0]","[42500000000.0, 106250000000.0, 42500000000.0]",[0.7787815708427622],"[22.0, 23.0, 24.0, 25.0, 38.0, 39.0, 40.0, 41.0]"
wXtalk_T2_R01,wXtalk,2,1,config_com_dj_200G_CAKR_178_PKGA_06_2_2025__Case2_sweep_TxFFE.xlsx,akinwale_3dj_02_2311,Tx_PCB_4dB_OSFP_22dB_OSFP_4dB_PCB_Rx_TP0_TP5_VendorX_thru1.s4p,3,2,1.4282057421964245,0.2824928538321313,1.1457128883642929,10.8871856821653,-8.0,10.463367429754785,16.384790825788354,0.22162097539193,1.0173928373572108,0.2992198831865842,0.0049712012088408,1.4633441712312496e-05,0,"[0.0, 0.0, 1.0, 0.0]","[42500000000.0, 106250000000.0, 42500000000.0]",[0.85],"[22.0, 23.0, 24.0, 25.0, 51.0, 52.0, 53.0, 54.0]"
wXtalk_T2_R02,wXtalk,2,2,config_com_dj_200G_CAKR_178_PKGA_06_2_2025__Case2_sweep_TxFFE.xlsx,akinwale_3dj_02_2311,Tx_PCB_4dB_OSFP_27dB_OSFP_4dB_PCB_Rx_TP0_TP5_VendorX_thru1.s4p,3,2,-1.1547256824224457,-1.6772160173314512,0.5224903349090056,8.996722519981203,-4.0,10.495295547917436,24.674656544943844,-1.078061410792905,0.9533043423995666,0.3171462053575816,0.0200414974931492,0.0009886935550677,0,"[0.0, 0.0, 1.0, 0.0]","[42500000000.0, 106250000000.0, 42500000000.0]",[0.85],"[22.0, 23.0, 24.0, 25.0, 51.0, 52.0, 53.0, 54.0]"
wXtalk_T2_R03,wXtalk,2,3,config_com_dj_200G_CAKR_178_PKGA_06_2_2025__Case2_sweep_TxFFE.xlsx,akinwale_3dj_02_2311,Tx_PCB_4dB_OSFP_22dB_OSFP_4dB_PCB_Rx_TP0_TP5_VendorY_thru1.s4p,3,2,1.7345269941014152,0.6116817529203668,1.1228452411810483,11.208633740319346,-15.0,9.650803469195354,14.845500833798004,0.4740635569982733,1.4239474354657686,0.4047469349029776,0.0037110507973487,7.612126645009817e-06,0,"[0.0, 0.0, 1.0, 0.0]","[42500000000.0, 106250000000.0, 42500000000.0]",[0.847629080573274],"[20.0, 21.0, 22.0, 23.0, 51.0, 52.0, 53.0, 54.0]"
wXtalk_T2_R04,wXtalk,2,4,config_com_dj_200G_CAKR_178_PKGA_06_2_2025__Case2_sweep_TxFFE.xlsx,akinwale_3dj_02_2311,Tx_PCB_4dB_OSFP_27dB_OSFP_4dB_PCB_Rx_TP0_TP5_VendorY_thru1.s4p,3,2,-2.2499403509125093,-2.4048959109273085,0.1549555600147989,8.26663581173543,-12.0,9.6745823454132,35.049505457948555,-1.4279442900607675,1.3203520269672142,0.417653259286072,0.0296463843271279,0.0032662099987605,0,"[0.0, 0.0, 1.0, 0.0]","[42500000000.0, 106250000000.0, 42500000000.0]",[0.85],"[19.0, 20.0, 21.0, 22.0, 51.0, 52.0, 53.0, 54.0]"
wXtalk_T2_R05,wXtalk,2,5,config_com_dj_200G_CAKR_178_PKGA_06_2_2025__Case2_sweep_TxFFE.xlsx,weaver_3dj_02_2311,HH_5in_DAC_X_0p5m_HN_3in_thru_TP0_Tx7_to_TP5_Rx7.s4p,3,2,4.04020327236633,2.52196804271078,1.5182352296555504,13.096782399789229,-15.0,14.774742624150129,8.590160705194144,2.598163684441079,0.846339567971206,0.2178019884480083,0.0004185988150347,6.575942711423529e-09,1,"[0.0, 0.0, 1.0, 0.0]","[42500000000.0, 106250000000.0, 42500000000.0]",[0.8200044020633868],"[22.0, 23.0, 24.0, 25.0, 51.0, 52.0, 53.0, 54.0]"
wXtalk_T2_R06,wXtalk,2,6,config_com_dj_200G_CAKR_178_PKGA_06_2_2025__Case2_sweep_TxFFE.xlsx,weaver_3dj_02_2311,HH_5in_DAC_X_1p0m_HL_2in_thru_TP0_Tx7_to_TP5_Rx7.s4p,3,2,2.996546592229752,1.5662704903279705,1.4302761019017816,12.13533954407669,-11.0,13.798885244982174,10.699107250471156,1.295737479301293,0.8491432915124011,0.2123964717298165,0.0013839277682273,2.531105146714515e-07,0,"[0.0, 0.0, 1.0, 0.0]","[42500000000.0, 106250000000.0, 42500000000.0]",[0.85],"[22.0, 23.0, 24.0, 25.0, 51.0, 52.0, 53.0, 54.0]"
wXtalk_T2_R07,wXtalk,2,7,config_com_dj_200G_CAKR_178_PKGA_06_2_2025__Case2_sweep_TxFFE.xlsx,weaver_3dj_02_2311,HN_3in_DAC_X_1p0m_HN_3in_thru_TP0_Tx7_to_TP5_Rx7.s4p,3,2,1.680505837645996,0.4363896612517425,1.2441161763942534,11.059091884699445,-7.0,13.773400953924131,15.094195418129894,0.3925047722128666,1.0800959317287344,0.2639479003098191,0.0043805534685763,8.446973287560582e-06,0,"[0.0, 0.0, 1.0, 0.0]","[42500000000.0, 106250000000.0, 42500000000.0]",[0.8499999999999999],"[21.0, 22.0, 23.0, 24.0, 51.0, 52.0, 53.0, 54.0]"
wXtalk_T2_R08,wXtalk,2,8,config_com_dj_200G_CAKR_178_PKGA_06_2_2025__Case2_sweep_TxFFE.xlsx,weaver_3dj_02_2311,HN_3in_DAC_X_1p5m_HL_2in_thru_TP0_Tx7_to_TP5_Rx7.s4p,3,2,0.719574157774946,-0.3573543792701074,1.0769285370450534,10.323920304599104,-5.0,12.826078008523794,18.66544991292801,-0.2934889224432274,0.9962781277870932,0.2677168200907788,0.0083813096605456,5.958719734866403e-05,0,"[0.0, 0.0, 1.0, 0.0]","[42500000000.0, 106250000000.0, 42500000000.0]",[0.85],"[21.0, 22.0, 23.0, 24.0, 51.0, 52.0, 53.0, 54.0]"
wXtalk_T2_R09,wXtalk,2,9,config_com_dj_200G_CAKR_178_PKGA_06_2_2025__Case2_sweep_TxFFE.xlsx,weaver_3dj_02_2311,HH_5in_DAC_Y_0p5m_HN_3in_thru_TP0_Tx7_to_TP5_Rx7.s4p,3,2,4.141287266054118,2.6742532183160987,1.4670340477380188,13.284251749352396,-17.0,14.70364353980927,8.422107227671562,2.795819816125223,1.7671760731573107,0.2872563362890634,0.0003356961501086,4.14481565047363e-09,1,"[0.0, 0.0, 1.0, 0.0]","[42500000000.0, 106250000000.0, 42500000000.0]",[0.8029049912235295],"[29.0, 30.0, 31.0, 32.0, 52.0, 53.0, 54.0, 55.0]"
wXtalk_T2_R10,wXtalk,2,10,config_com_dj_200G_CAKR_178_PKGA_06_2_2025__Case2_sweep_TxFFE.xlsx,weaver_3dj_02_2311,HH_5in_DAC_Y_1p0m_HL_2in_thru_TP0_Tx7_to_TP5_Rx7.s4p,3,2,3.070555529396037,1.6920032957545992,1.378552233641438,12.296070568430547,-16.0,13.87578983664477,10.522043694457848,1.356266134063696,1.3917306515351118,0.284663578600221,0.0012034360017116,2.0408583265870467e-07,1,"[0.0, 0.0, 1.0, 0.0]","[42500000000.0, 106250000000.0, 42500000000.0]",[0.837494961772087],"[29.0, 30.0, 31.0, 32.0, 52.0, 53.0, 54.0, 55.0]"
wXtalk_T2_R11,wXtalk,2,11,config_com_dj_200G_CAKR_178_PKGA_06_2_2025__Case2_sweep_TxFFE.xlsx,weaver_3dj_02_2311,HN_3in_DAC_Y_1p0m_HN_3in_thru_TP0_Tx7_to_TP5_Rx7.s4p,3,2,3.4667464319482506,2.0364703300464675,1.4302761019017831,12.65299349422958,-17.0,14.374786258899745,9.65364159001764,1.833351624545402,1.5037373294138936,0.2831863102801126,0.0007986640818327,5.6310838089575364e-08,1,"[0.0, 0.0, 1.0, 0.0]","[42500000000.0, 106250000000.0, 42500000000.0]",[0.8234287135222631],"[29.0, 30.0, 31.0, 32.0, 52.0, 53.0, 54.0, 55.0]"
wXtalk_T2_R12,wXtalk,2,12,config_com_dj_200G_CAKR_178_PKGA_06_2_2025__Case2_sweep_TxFFE.xlsx,weaver_3dj_02_2311,HN_3in_DAC_Y_1p5m_HL_2in_thru_TP0_Tx7_to_TP5_Rx7.s4p,3,2,2.055758299472118,0.8191721535781376,1.2365861458939806,11.446648127829157,-15.0,14.066696194769378,13.5244606739277,0.5709968001281667,1.1985235602352002,0.2854580396531016,0.0030264175279653,3.5193971330905967e-06,0,"[0.0, 0.0, 1.0, 0.0]","[42500000000.0, 106250000000.0, 42500000000.0]",[0.849792551267515],"[23.0, 24.0, 25.0, 26.0, 29.0, 30.0, 31.0, 32.0]"
wXtalk_T2_R13,wXtalk,2,13,config_com_dj_200G_CAKR_178_PKGA_06_2_2025__Case2_sweep_TxFFE.xlsx,weaver_3dj_02_2311,HH_5in_DAC_Z_0p5m_HN_3in_thru_TP0_Tx7_to_TP5_Rx7.s4p,3,2,4.358304396047603,2.7097783788321665,1.6485260172154368,13.254215178818963,-14.0,15.756247911920845,8.078158436413155,2.540791655722576,0.9078118411839652,0.1439001504190031,0.0003164309472874,1.7129789115204255e-09,1,"[0.0, 0.0, 1.0, 0.0]","[42500000000.0, 106250000000.0, 42500000000.0]",[0.845800729231677],"[28.0, 29.0, 30.0, 31.0, 51.0, 52.0, 53.0, 54.0]"
wXtalk_T2_R14,wXtalk,2,14,config_com_dj_200G_CAKR_178_PKGA_06_2_2025__Case2_sweep_TxFFE.xlsx,weaver_3dj_02_2311,HH_5in_DAC_Z_1p0m_HL_2in_thru_TP0_Tx7_to_TP5_Rx7.s4p,3,2,2.978447090964212,1.5040800840417583,1.4743670069224537,12.072797042789553,-8.0,14.836836133184113,10.743198155491848,1.2142368374236685,0.7675152711307883,0.1403046720303077,0.0015010540761364,2.648663073533073e-07,0,"[0.0, 0.0, 1.0, 0.0]","[42500000000.0, 106250000000.0, 42500000000.0]",[0.85],"[28.0, 29.0, 30.0, 31.0, 51.0, 52.0, 53.0, 54.0]"
wXtalk_T2_R15,wXtalk,2,15,config_com_dj_200G_CAKR_178_PKGA_06_2_2025__Case2_sweep_TxFFE.xlsx,weaver_3dj_02_2311,HN_3in_DAC_Z_1p0m_HN_3in_thru_TP0_Tx7_to_TP5_Rx7.s4p,3,2,1.8218572754621445,0.4730004199345293,1.3488568555276148,11.128613032760772,-4.0,13.962045656095832,14.461011381825406,0.4166111170985521,1.50178825384469,0.1890837574228177,0.0042329489424562,5.914858331203198e-06,0,"[0.0, -0.020000000000000018, 0.98, 0.0]","[42500000000.0, 106250000000.0, 42500000000.0]",[0.85],"[28.0, 29.0, 30.0, 31.0, 51.0, 52.0, 53.0, 54.0]"
wXtalk_T2_R16,wXtalk,2,16,config_com_dj_200G_CAKR_178_PKGA_06_2_2025__Case2_sweep_TxFFE.xlsx,weaver_3dj_02_2311,HN_3in_DAC_Z_1p5m_HL_2in_thru_TP0_Tx7_to_TP5_Rx7.s4p,3,2,0.2431423578547805,-0.7644527673743752,1.0075951252291555,9.955886205838116,1.0,13.230870127907902,19.20949289644119,-0.5888629950673253,1.3048469458085483,0.188684623289579,0.0113200648491363,0.0001384662741091,0,"[0.0, -0.06, 0.94, 0.0]","[42500000000.0, 106250000000.0, 42500000000.0]",[0.85],"[28.0, 29.0, 30.0, 31.0, 51.0, 52.0, 53.0, 54.0]"
wXtalk_T2_R17,wXtalk,2,17,config_com_dj_200G_CAKR_178_PKGA_06_2_2025__Case2_sweep_TxFFE.xlsx,akinwale_3dj_01_2310,Tx_NPC_250mm_32AWG_BPK_100mm_27AWG_BPK_250mm_32AWG_NPC_Rx_thru1.s4p,3,4,5.387455056521581,3.971925799652889,1.4155292568686924,14.630838853194184,-21.0,11.630659581067992,6.703551262905108,5.862961712274087,1.5237525851314997,0.1815129392873195,3.784955369855804e-05,1.1685259355027818e-11,1,"[0.0, 0.0, 1.0, 0.0]","[42500000000.0, 106250000000.0, 42500000000.0]",[0.7179932446321717],"[51.0, 52.0, 53.0, 54.0, 72.0, 73.0, 74.0, 75.0]"
wXtalk_T2_R18,wXtalk,2,18,config_com_dj_200G_CAKR_178_PKGA_06_2_2025__Case2_sweep_TxFFE.xlsx,akinwale_3dj_01_2310,Tx_NPC_250mm_32AWG_BPK_300mm_27AWG_BPK_250mm_32AWG_NPC_Rx_thru1.s4p,3,4,5.056839043606781,3.6486926088043865,1.4081464348023949,14.30496782341027,-21.0,11.750789051400773,7.104799277833233,4.654188686440061,1.3983825000346233,0.1852500301147124,6.855603559334018e-05,6.703203202497377e-11,1,"[0.0, 0.0, 1.0, 0.0]","[42500000000.0, 106250000000.0, 42500000000.0]",[0.7587826886474368],"[52.0, 53.0, 54.0, 55.0, 74.0, 75.0, 76.0, 77.0]"
wXtalk_T2_R19,wXtalk,2,19,config_com_dj_200G_CAKR_178_PKGA_06_2_2025__Case2_sweep_TxFFE.xlsx,akinwale_3dj_01_2310,Tx_NPC_250mm_32AWG_BPK_500mm_27AWG_BPK_250mm_32AWG_NPC_Rx_thru1.s4p,3,4,4.6215758041580814,3.235615561847496,1.3859602423105852,13.872984522551066,-21.0,11.83859428225629,7.689053009422318,3.607061828592785,1.2967537077243296,0.1850527051958356,0.0001410300465298,5.790122022900925e-10,1,"[0.0, 0.0, 1.0, 0.0]","[42500000000.0, 106250000000.0, 42500000000.0]",[0.7814082399333673],"[51.0, 52.0, 53.0, 54.0, 72.0, 73.0, 74.0, 75.0]"
wXtalk_T2_R20,wXtalk,2,20,config_com_dj_200G_CAKR_178_PKGA_06_2_2025__Case2_sweep_TxFFE.xlsx,akinwale_3dj_01_2310,Tx_NPC_250mm_32AWG_BPK_700mm_27AWG_BPK_250mm_32AWG_NPC_Rx_thru1.s4p,3,4,4.042369024915367,2.686078801678562,1.356290223236804,13.312399762248315,-22.0,11.906745982525557,8.586505084144099,2.671924731787359,1.2140862104630197,0.1821697300626366,0.0003321457191435,7.219685089197329e-09,1,"[0.0, 0.0, 1.0, 0.0]","[42500000000.0, 106250000000.0, 42500000000.0]",[0.8082251628865039],"[51.0, 52.0, 53.0, 54.0, 72.0, 73.0, 74.0, 75.0]"
wXtalk_T2_R21,wXtalk,2,21,config_com_dj_200G_CAKR_178_PKGA_06_2_2025__Case2_sweep_TxFFE.xlsx,akinwale_3dj_01_2310,Tx_NPC_250mm_32AWG_BPK_900mm_27AWG_BPK_250mm_32AWG_NPC_Rx_thru1.s4p,3,4,3.2307331329921047,1.949064413720185,1.28166871927192,12.601026299825758,-22.0,11.95133307561376,10.155618703926148,1.721012586737772,1.1464544285973737,0.186447084300704,0.0008875635224597,1.3104330668847374e-07,1,"[0.0, 0.0, 1.0, 0.0]","[42500000000.0, 106250000000.0, 42500000000.0]",[0.8294237466630462],"[51.0, 52.0, 53.0, 54.0, 72.0, 73.0, 74.0, 75.0]"
wXtalk_T2_R22,wXtalk,2,22,config_com_dj_200G_CAKR_178_PKGA_06_2_2025__Case2_sweep_TxFFE.xlsx,akinwale_3dj_01_2310,Tx_NPC_250mm_32AWG_BPK_1200mm_27AWG_BPK_250mm_32AWG_NPC_Rx_thru1.s4p,3,4,1.8696571541429807,0.7620905266429789,1.1075666275000022,11.418018262180151,-21.0,12.003065745741557,14.259113011055929,0.5739171448587389,1.0694818281685954,0.1951869897132103,0.003213556781069,5.640100638316036e-06,0,"[0.0, 0.0, 1.0, 0.0]","[42500000000.0, 106250000000.0, 42500000000.0]",[0.85],"[51.0, 52.0, 53.0, 54.0, 75.0, 76.0, 77.0, 78.0]"
wXtalk_T2_R23,wXtalk,2,23,config_com_dj_200G_CAKR_178_PKGA_06_2_2025__Case2_sweep_TxFFE.xlsx,akinwale_3dj_01_2310,Tx_NPC_250mm_32AWG_BPK_1400mm_27AWG_BPK_250mm_32AWG_NPC_Rx_thru1.s4p,3,4,0.8020922716117537,-0.1121889072055984,0.9142811788173522,10.568539293021033,-20.0,12.027313509232158,20.00782160308421,-0.0757895859972469,1.0306150043077391,0.1973866386707931,0.0068472602451776,5.110976169539343e-05,0,"[0.0, 0.0, 1.0, 0.0]","[42500000000.0, 106250000000.0, 42500000000.0]",[0.8500000000000001],"[51.0, 52.0, 53.0, 54.0, 75.0, 76.0, 77.0, 78.0]"
wXtalk_T2_R24,wXtalk,2,24,config_com_dj_200G_CAKR_178_PKGA_06_2_2025__Case2_sweep_TxFFE.xlsx,lim_3dj_07_2309,li_dj_CR_Design_C_Rev1_THRU.s4p,2,1,2.99958479626688,1.5766789872452234,1.4229058090216562,12.13170491330296,-10.0,16.232681478737035,10.69173695759106,1.231945995151181,0.8731272731456233,0.1410837226929686,0.0013811063346147,2.50725251616398e-07,0,"[0.0, 0.0, 1.0, 0.0]","[42500000000.0, 106250000000.0, 42500000000.0]",[0.8500000000000001],"[17.0, 18.0, 19.0, 20.0, 51.0, 52.0, 53.0, 54.0]"
wXtalk_T2_R25,wXtalk,2,25,config_com_dj_200G_CAKR_178_PKGA_06_2_2025__Case2_sweep_TxFFE.xlsx,lim_3dj_04_230629,li_dj_CR_Design_B_Rev1_THRU.s4p,2,1,2.829441290723698,1.4731510674868955,1.3562902232368024,12.016616566961977,-11.0,15.836549466657567,11.118623003659325,1.145995022992883,0.7753929746645429,0.1952949400131935,0.0015470879736316,4.272089735319731e-07,0,"[0.0, 0.0, 1.0, 0.0]","[42500000000.0, 106250000000.0, 42500000000.0]",[0.8486263995635742],"[22.0, 23.0, 24.0, 25.0, 51.0, 52.0, 53.0, 54.0]"
wXtalk_T2_R26,wXtalk,2,26,config_com_dj_200G_CAKR_178_PKGA_06_2_2025__Case2_sweep_TxFFE.xlsx,lim_3dj_03_230629,li_dj_CR_Design_A_Rev1_THRU.s4p,2,1,1.7634891126429069,0.6865605755978553,1.0769285370450516,11.332776785699664,-15.0,15.650321115721876,14.715661837789876,0.5170372071067091,1.9883527516958612,0.2623953445625633,0.0034575382443097,6.996253778380156e-06,0,"[0.0, 0.0, 1.0, 0.0]","[42500000000.0, 106250000000.0, 42500000000.0]",[0.8279791668663391],"[20.0, 21.0, 22.0, 23.0, 51.0, 52.0, 53.0, 54.0]"
wXtalk_T3_R01,wXtalk,3,1,config_com_dj_200G_CAKR_178_PKGB_06_2_2025__Case3_sweep_TxFFE.xlsx,akinwale_3dj_02_2311,Tx_PCB_4dB_OSFP_22dB_OSFP_4dB_PCB_Rx_TP0_TP5_VendorX_thru1.s4p,3,2,0.8125076044056815,-0.2567444941034261,1.0692520985091076,10.378103923905853,-7.0,10.463367429754785,18.72382618539376,-0.1931437949205536,1.0173928373572108,0.2992198831865842,0.0077498720089043,5.133054391728036e-05,0,"[0.0, 0.0, 1.0, 0.0]","[42500000000.0, 106250000000.0, 42500000000.0]",[0.85],"[49.0, 50.0, 51.0, 52.0, 81.0, 82.0, 83.0, 84.0]"
wXtalk_T3_R02,wXtalk,3,2,config_com_dj_200G_CAKR_178_PKGB_06_2_2025__Case3_sweep_TxFFE.xlsx,akinwale_3dj_02_2311,Tx_PCB_4dB_OSFP_27dB_OSFP_4dB_PCB_Rx_TP0_TP5_VendorX_thru1.s4p,3,2,-1.679602578587864,-2.1033885599866258,0.4237859813987618,8.59710176161552,-4.0,10.495295547917436,26.44438589467836,-1.306350382820825,0.9533043423995666,0.3171462053575816,0.0253407222992414,0.001820987558342,0,"[0.0, 0.0, 1.0, 0.0]","[42500000000.0, 106250000000.0, 42500000000.0]",[0.85],"[50.0, 51.0, 52.0, 53.0, 81.0, 82.0, 83.0, 84.0]"
wXtalk_T3_R03,wXtalk,3,3,config_com_dj_200G_CAKR_178_PKGB_06_2_2025__Case3_sweep_TxFFE.xlsx,akinwale_3dj_02_2311,Tx_PCB_4dB_OSFP_22dB_OSFP_4dB_PCB_Rx_TP0_TP5_VendorY_thru1.s4p,3,2,0.95795861959279,-0.1036102500756036,1.0615688696683936,10.524282468589456,-14.0,9.650803469195354,18.78270182353168,-0.0768202925420383,1.4239474354657686,0.4047469349029776,0.0068230001273175,3.839544082458553e-05,0,"[0.0, 0.0, 1.0, 0.0]","[42500000000.0, 106250000000.0, 42500000000.0]",[0.8483879931957873],"[20.0, 21.0, 22.0, 23.0, 50.0, 51.0, 52.0, 53.0]"
wXtalk_T3_R04,wXtalk,3,4,config_com_dj_200G_CAKR_178_PKGB_06_2_2025__Case3_sweep_TxFFE.xlsx,akinwale_3dj_02_2311,Tx_PCB_4dB_OSFP_27dB_OSFP_4dB_PCB_Rx_TP0_TP5_VendorY_thru1.s4p,3,2,-2.758201246365403,-2.8101608607635726,0.0519596143981699,7.864715219411408,-13.0,9.6745823454132,44.48893460672531,-1.5968068650645348,1.3203520269672142,0.417653259286072,0.0359063981825188,0.0051263363968646,0,"[0.0, 0.0, 1.0, 0.0]","[42500000000.0, 106250000000.0, 42500000000.0]",[0.85],"[20.0, 21.0, 22.0, 23.0, 50.0, 51.0, 52.0, 53.0]"
wXtalk_T3_R05,wXtalk,3,5,config_com_dj_200G_CAKR_178_PKGB_06_2_2025__Case3_sweep_TxFFE.xlsx,weaver_3dj_02_2311,HH_5in_DAC_X_0p5m_HN_3in_thru_TP0_Tx7_to_TP5_Rx7.s4p,3,2,3.5914445806693207,2.080505352818706,1.5109392278506149,12.6641329731258,-14.0,14.774742624150129,9.404838305028433,1.99481455381704,0.846339567971206,0.2178019884480083,0.0007555069791561,3.703598852595484e-08,1,"[0.0, 0.0, 1.0, 0.0]","[42500000000.0, 106250000000.0, 42500000000.0]",[0.8293900704353663],"[22.0, 23.0, 24.0, 25.0, 49.0, 50.0, 51.0, 52.0]"
wXtalk_T3_R06,wXtalk,3,6,config_com_dj_200G_CAKR_178_PKGB_06_2_2025__Case3_sweep_TxFFE.xlsx,weaver_3dj_02_2311,HH_5in_DAC_X_1p0m_HL_2in_thru_TP0_Tx7_to_TP5_Rx7.s4p,3,2,2.444687500490895,1.051325562258982,1.393361938231913,11.667470178278352,-12.0,13.798885244982174,12.205512183047304,0.8449167311051566,0.8491432915124011,0.2123964717298165,0.0024156304769798,1.2878723418338092e-06,0,"[0.0, 0.0, 1.0, 0.0]","[42500000000.0, 106250000000.0, 42500000000.0]",[0.85],"[22.0, 23.0, 24.0, 25.0, 49.0, 50.0, 51.0, 52.0]"
wXtalk_T3_R07,wXtalk,3,7,config_com_dj_200G_CAKR_178_PKGB_06_2_2025__Case3_sweep_TxFFE.xlsx,weaver_3dj_02_2311,HN_3in_DAC_X_1p0m_HN_3in_thru_TP0_Tx7_to_TP5_Rx7.s4p,3,2,1.3389357926122398,0.0872961080489774,1.2516396845632625,10.759522929079491,-8.0,13.773400953924131,16.90196080028528,0.0743100668408811,1.0800959317287344,0.2639479003098191,0.0058797100957214,1.8010989941789758e-05,0,"[0.0, -0.020000000000000018, 0.98, 0.0]","[42500000000.0, 106250000000.0, 42500000000.0]",[0.8499999999999999],"[23.0, 24.0, 25.0, 26.0, 31.0, 32.0, 33.0, 34.0]"
wXtalk_T3_R08,wXtalk,3,8,config_com_dj_200G_CAKR_178_PKGB_06_2_2025__Case3_sweep_TxFFE.xlsx,weaver_3dj_02_2311,HN_3in_DAC_X_1p5m_HL_2in_thru_TP0_Tx7_to_TP5_Rx7.s4p,3,2,0.2912623747118658,-0.7085947636909872,0.999857138402853,9.974389503301916,-4.0,12.826078008523794,19.27266052490785,-0.545015663655256,0.9962781277870932,0.2677168200907788,0.010815059063098,0.0001279656918392,0,"[0.0, 0.0, 1.0, 0.0]","[42500000000.0, 106250000000.0, 42500000000.0]",[0.8499999999999999],"[23.0, 24.0, 25.0, 26.0, 31.0, 32.0, 33.0, 34.0]"
wXtalk_T3_R09,wXtalk,3,9,config_com_dj_200G_CAKR_178_PKGB_06_2_2025__Case3_sweep_TxFFE.xlsx,weaver_3dj_02_2311,HH_5in_DAC_Y_0p5m_HN_3in_thru_TP0_Tx7_to_TP5_Rx7.s4p,3,2,3.481468282316776,2.0364703300464813,1.4449979522702947,12.672140785448684,-16.0,14.70364353980927,9.623705811740292,2.006780973714716,1.7671760731573107,0.2872563362890634,0.0007903613443791,5.091427931135936e-08,1,"[0.0, 0.0, 1.0, 0.0]","[42500000000.0, 106250000000.0, 42500000000.0]",[0.8105319049366917],"[29.0, 30.0, 31.0, 32.0, 50.0, 51.0, 52.0, 53.0]"
wXtalk_T3_R10,wXtalk,3,10,config_com_dj_200G_CAKR_178_PKGB_06_2_2025__Case3_sweep_TxFFE.xlsx,weaver_3dj_02_2311,HH_5in_DAC_Y_1p0m_HL_2in_thru_TP0_Tx7_to_TP5_Rx7.s4p,3,2,2.3169418306889744,0.9829708222290694,1.3339710084599052,11.632877284664522,-16.0,13.87578983664477,12.610718067644797,0.7640441631360526,1.3917306515351118,0.284663578600221,0.0025754129984859,1.8031594050297575e-06,0,"[0.0, 0.0, 1.0, 0.0]","[42500000000.0, 106250000000.0, 42500000000.0]",[0.8476158518681489],"[29.0, 30.0, 31.0, 32.0, 50.0, 51.0, 52.0, 53.0]"
wXtalk_T3_R11,wXtalk,3,11,config_com_dj_200G_CAKR_178_PKGB_06_2_2025__Case3_sweep_TxFFE.xlsx,weaver_3dj_02_2311,HN_3in_DAC_Y_1p0m_HN_3in_thru_TP0_Tx7_to_TP5_Rx7.s4p,3,2,2.749394819861317,1.370842586219879,1.378552233641438,12.03274809832873,-16.0,14.374786258899745,11.330009833952833,1.163438267215454,1.5037373294138936,0.2831863102801126,0.00172155718299,5.396417260818794e-07,0,"[0.0, 0.0, 1.0, 0.0]","[42500000000.0, 106250000000.0, 42500000000.0]",[0.8308158112588028],"[29.0, 30.0, 31.0, 32.0, 50.0, 51.0, 52.0, 53.0]"
wXtalk_T3_R12,wXtalk,3,12,config_com_dj_200G_CAKR_178_PKGB_06_2_2025__Case3_sweep_TxFFE.xlsx,weaver_3dj_02_2311,HN_3in_DAC_Y_1p5m_HL_2in_thru_TP0_Tx7_to_TP5_Rx7.s4p,3,2,1.3059529677321122,0.1754784861501049,1.1304744815820074,10.816621929452497,-15.0,14.066696194769378,17.10253199517296,0.1166358575744311,1.1985235602352002,0.2854580396531016,0.0054147737829012,1.8936020977205727e-05,0,"[0.0, 0.0, 1.0, 0.0]","[42500000000.0, 106250000000.0, 42500000000.0]",[0.85],"[29.0, 30.0, 31.0, 32.0, 50.0, 51.0, 52.0, 53.0]"
wXtalk_T3_R13,wXtalk,3,13,config_com_dj_200G_CAKR_178_PKGB_06_2_2025__Case3_sweep_TxFFE.xlsx,weaver_3dj_02_2311,HH_5in_DAC_Z_0p5m_HN_3in_thru_TP0_Tx7_to_TP5_Rx7.s4p,3,2,3.752291869250899,2.1469793224540035,1.6053125467968954,12.72679352488036,-13.0,15.756247911920845,9.099063527563397,1.8956080138056808,0.9078118411839652,0.1439001504190031,0.0006939250827304,2.014666812859104e-08,1,"[0.0, 0.0, 1.0, 0.0]","[42500000000.0, 106250000000.0, 42500000000.0]",[0.85],"[26.0, 27.0, 28.0, 29.0, 49.0, 50.0, 51.0, 52.0]"
wXtalk_T3_R14,wXtalk,3,14,config_com_dj_200G_CAKR_178_PKGB_06_2_2025__Case3_sweep_TxFFE.xlsx,weaver_3dj_02_2311,HH_5in_DAC_Z_1p0m_HL_2in_thru_TP0_Tx7_to_TP5_Rx7.s4p,3,2,2.2368687703630323,0.8287223355606376,1.4081464348023949,11.466388148203608,-8.0,14.836836133184113,12.87792120751093,0.6549074881470502,0.7675152711307883,0.1403046720303077,0.0030370209634347,2.215329717922894e-06,0,"[0.0, 0.0, 1.0, 0.0]","[42500000000.0, 106250000000.0, 42500000000.0]",[0.85],"[28.0, 29.0, 30.0, 31.0, 49.0, 50.0, 51.0, 52.0]"
wXtalk_T3_R15,wXtalk,3,15,config_com_dj_200G_CAKR_178_PKGB_06_2_2025__Case3_sweep_TxFFE.xlsx,weaver_3dj_02_2311,HN_3in_DAC_Z_1p0m_HN_3in_thru_TP0_Tx7_to_TP5_Rx7.s4p,3,2,1.1264833607758036,-0.0950231118200327,1.2215064725958362,10.589142993164206,-3.0,13.962045656095832,17.6419675267324,-0.0789788727119447,1.50178825384469,0.1890837574228177,0.0068370074275168,2.7291819500275582e-05,0,"[0.0, -0.020000000000000018, 0.98, 0.0]","[42500000000.0, 106250000000.0, 42500000000.0]",[0.8500000000000001],"[28.0, 29.0, 30.0, 31.0, 49.0, 50.0, 51.0, 52.0]"
wXtalk_T3_R16,wXtalk,3,16,config_com_dj_200G_CAKR_178_PKGB_06_2_2025__Case3_sweep_TxFFE.xlsx,weaver_3dj_02_2311,HN_3in_DAC_Z_1p5m_HL_2in_thru_TP0_Tx7_to_TP5_Rx7.s4p,3,2,-0.5665054313599827,-1.3785522336414455,0.8120468022814629,9.361404229271814,2.0,13.230870127907902,20.987525288431584,-1.047885894437261,1.3048469458085483,0.188684623289579,0.0169114689848639,0.0004641607880793,0,"[0.0, -0.040000000000000036, 0.96, 0.0]","[42500000000.0, 106250000000.0, 42500000000.0]",[0.8500000000000001],"[28.0, 29.0, 30.0, 31.0, 49.0, 50.0, 51.0, 52.0]"
wXtalk_T3_R17,wXtalk,3,17,config_com_dj_200G_CAKR_178_PKGB_06_2_2025__Case3_sweep_TxFFE.xlsx,akinwale_3dj_01_2310,Tx_NPC_250mm_32AWG_BPK_100mm_27AWG_BPK_250mm_32AWG_NPC_Rx_thru1.s4p,3,4,4.537989171571575,3.0856396406668445,1.4523495309047307,13.801598660333402,6.0,11.630659581067992,7.809448003428069,3.776108819776067,1.5237525851314997,0.1815129392873195,0.0001803155391618,8.151353314318385e-10,1,"[0.0, -0.10000000000000003, 0.8999999999999999, 0.0]","[42500000000.0, 106250000000.0, 42500000000.0]",[0.6539627321141269],"[50.0, 51.0, 52.0, 53.0, 84.0, 85.0, 86.0, 87.0]"
wXtalk_T3_R18,wXtalk,3,18,config_com_dj_200G_CAKR_178_PKGB_06_2_2025__Case3_sweep_TxFFE.xlsx,akinwale_3dj_01_2310,Tx_NPC_250mm_32AWG_BPK_300mm_27AWG_BPK_250mm_32AWG_NPC_Rx_thru1.s4p,3,4,4.368773601580913,2.9017395538428943,1.4670340477380188,13.56880554855929,-21.0,11.750789051400773,8.062116986255532,3.525724160296257,1.3983825000346233,0.1852500301147124,0.0002408195978303,1.698763091399974e-09,1,"[0.0, 0.0, 1.0, 0.0]","[42500000000.0, 106250000000.0, 42500000000.0]",[0.7584269863232032],"[49.0, 50.0, 51.0, 52.0, 80.0, 81.0, 82.0, 83.0]"
wXtalk_T3_R19,wXtalk,3,19,config_com_dj_200G_CAKR_178_PKGB_06_2_2025__Case3_sweep_TxFFE.xlsx,akinwale_3dj_01_2310,Tx_NPC_250mm_32AWG_BPK_500mm_27AWG_BPK_250mm_32AWG_NPC_Rx_thru1.s4p,3,4,3.982863596669122,2.545223450546615,1.4376401461225072,13.19852964836161,-20.0,11.83859428225629,8.687845555872308,2.64800233060296,1.2967537077243296,0.1850527051958356,0.0004022000452547,8.121806245437788e-09,1,"[0.0, 0.0, 1.0, 0.0]","[42500000000.0, 106250000000.0, 42500000000.0]",[0.7912563811355122],"[49.0, 50.0, 51.0, 52.0, 83.0, 84.0, 85.0, 86.0]"
wXtalk_T3_R20,wXtalk,3,20,config_com_dj_200G_CAKR_178_PKGB_06_2_2025__Case3_sweep_TxFFE.xlsx,akinwale_3dj_01_2310,Tx_NPC_250mm_32AWG_BPK_700mm_27AWG_BPK_250mm_32AWG_NPC_Rx_thru1.s4p,3,4,3.466606370613986,2.0584599358115927,1.408146434802393,12.694439983329158,-21.0,11.906745982525557,9.653927134424167,1.898853935440611,1.2140862104630197,0.1821697300626366,0.0007661887198512,5.6135346843115066e-08,1,"[0.0, 0.0, 1.0, 0.0]","[42500000000.0, 106250000000.0, 42500000000.0]",[0.8181182286112186],"[49.0, 50.0, 51.0, 52.0, 83.0, 84.0, 85.0, 86.0]"
wXtalk_T3_R21,wXtalk,3,21,config_com_dj_200G_CAKR_178_PKGB_06_2_2025__Case3_sweep_TxFFE.xlsx,akinwale_3dj_01_2310,Tx_NPC_250mm_32AWG_BPK_900mm_27AWG_BPK_250mm_32AWG_NPC_Rx_thru1.s4p,3,4,2.707537883890301,1.3810193766495464,1.3265185072407544,12.031835954307402,-21.0,11.95133307561376,11.443426626871885,1.1521993819987013,1.1464544285973737,0.186447084300704,0.0017020798295923,6.127413485918788e-07,0,"[0.0, 0.0, 1.0, 0.0]","[42500000000.0, 106250000000.0, 42500000000.0]",[0.8376170899201573],"[77.0, 78.0, 79.0, 80.0, 83.0, 84.0, 85.0, 86.0]"
wXtalk_T3_R22,wXtalk,3,22,config_com_dj_200G_CAKR_178_PKGB_06_2_2025__Case3_sweep_TxFFE.xlsx,akinwale_3dj_01_2310,Tx_NPC_250mm_32AWG_BPK_1200mm_27AWG_BPK_250mm_32AWG_NPC_Rx_thru1.s4p,3,4,1.327474313529254,0.2199076860292534,1.1075666275000005,10.899816449987084,-21.0,12.003065745741557,16.97104910686307,0.1577024159455349,1.0694818281685954,0.1951869897132103,0.005219773356982,1.8224856287833663e-05,0,"[0.0, 0.0, 1.0, 0.0]","[42500000000.0, 106250000000.0, 42500000000.0]",[0.85],"[50.0, 51.0, 52.0, 53.0, 83.0, 84.0, 85.0, 86.0]"
wXtalk_T3_R23,wXtalk,3,23,config_com_dj_200G_CAKR_178_PKGB_06_2_2025__Case3_sweep_TxFFE.xlsx,akinwale_3dj_01_2310,Tx_NPC_250mm_32AWG_BPK_1400mm_27AWG_BPK_250mm_32AWG_NPC_Rx_thru1.s4p,3,4,0.25454978124081,-0.6362454266074096,0.8907952078482196,10.047677277974223,-21.0,12.027313509232158,20.222320098109208,-0.4150214379867707,1.0306150043077391,0.1973866386707931,0.0101859948173823,0.0001355537664414,0,"[0.0, 0.0, 1.0, 0.0]","[42500000000.0, 106250000000.0, 42500000000.0]",[0.85],"[50.0, 51.0, 52.0, 53.0, 83.0, 84.0, 85.0, 86.0]"
wXtalk_T3_R24,wXtalk,3,24,config_com_dj_200G_CAKR_178_PKGB_06_2_2025__Case3_sweep_TxFFE.xlsx,lim_3dj_07_2309,li_dj_CR_Design_C_Rev1_THRU.s4p,2,1,2.218048511400141,0.8766313904927369,1.341417120907404,11.470826719588896,-9.0,16.232681478737035,12.94230215111223,0.6470656769569745,0.8731272731456233,0.1410837226929686,0.0028914066169197,2.29036946103629e-06,0,"[0.0, 0.0, 1.0, 0.0]","[42500000000.0, 106250000000.0, 42500000000.0]",[0.8499999999999999],"[16.0, 17.0, 18.0, 19.0, 51.0, 52.0, 53.0, 54.0]"
wXtalk_T3_R25,wXtalk,3,25,config_com_dj_200G_CAKR_178_PKGB_06_2_2025__Case3_sweep_TxFFE.xlsx,lim_3dj_04_230629,li_dj_CR_Design_B_Rev1_THRU.s4p,2,1,2.2654341013264494,0.9538398067574808,1.3115942945689685,11.52941342335926,-11.0,15.836549466657567,12.781369067277517,0.6946677088978713,0.7753929746645429,0.1952949400131935,0.0026738361609275,2.0901673688898976e-06,0,"[0.0, 0.0, 1.0, 0.0]","[42500000000.0, 106250000000.0, 42500000000.0]",[0.8499999999999999],"[22.0, 23.0, 24.0, 25.0, 49.0, 50.0, 51.0, 52.0]"
wXtalk_T3_R26,wXtalk,3,26,config_com_dj_200G_CAKR_178_PKGB_06_2_2025__Case3_sweep_TxFFE.xlsx,lim_3dj_03_230629,li_dj_CR_Design_A_Rev1_THRU.s4p,2,1,1.2181817418663885,0.1489296433572825,1.069252098509106,10.793343638200064,-16.0,15.650321115721876,17.66401779060999,0.105899878374783,1.9883527516958612,0.2623953445625633,0.0055693032083708,2.280652736455627e-05,0,"[0.0, 0.0, 1.0, 0.0]","[42500000000.0, 106250000000.0, 42500000000.0]",[0.8371519255063458],"[20.0, 21.0, 22.0, 23.0, 37.0, 38.0, 39.0, 40.0]"
wXtalk_T4_R01,wXtalk,4,1,config_com_dj_200G_CAKR_178_PKGB_06_2_2025__Case4_sweep_TxFFE.xlsx,akinwale_3dj_02_2311,Tx_PCB_4dB_OSFP_22dB_OSFP_4dB_PCB_Rx_TP0_TP5_VendorX_thru1.s4p,3,2,-1.7822073185571192,-2.164533127498575,0.3823258089414555,8.49388615768676,-7.0,10.463367429754785,27.31807553343458,-1.25575365136249,1.0173928373572108,0.2992198831865842,0.0261594513639828,0.0020336421291861,0,"[0.0, 0.0, 1.0, 0.0]","[42500000000.0, 106250000000.0, 42500000000.0]",[0.85],"[68.0, 69.0, 70.0, 71.0, 81.0, 82.0, 83.0, 84.0]"
wXtalk_T4_R02,wXtalk,4,2,config_com_dj_200G_CAKR_178_PKGB_06_2_2025__Case4_sweep_TxFFE.xlsx,akinwale_3dj_02_2311,Tx_PCB_4dB_OSFP_27dB_OSFP_4dB_PCB_Rx_TP0_TP5_VendorX_thru1.s4p,3,2,-4.141910808384365,-4.141910808384365,0.0,6.530484780842522,-3.0,10.495295547917436,313.07119549054045,-2.078961575103729,0.9533043423995666,0.3171462053575816,0.0620754147458622,nan,0,"[0.0, 0.0, 1.0, 0.0]","[42500000000.0, 106250000000.0, 42500000000.0]",[0.8500000000000001],"[68.0, 69.0, 70.0, 71.0, 81.0, 82.0, 83.0, 84.0]"
wXtalk_T4_R03,wXtalk,4,3,config_com_dj_200G_CAKR_178_PKGB_06_2_2025__Case4_sweep_TxFFE.xlsx,akinwale_3dj_02_2311,Tx_PCB_4dB_OSFP_22dB_OSFP_4dB_PCB_Rx_TP0_TP5_VendorY_thru1.s4p,3,2,-1.696162907032475,-2.1033885599866324,0.4072256529541573,8.547318041727369,-15.0,9.650803469195354,26.782400905442387,-1.232255380094074,1.4239474354657686,0.4047469349029776,0.0252641917664839,0.0018505254957053,0,"[0.0, 0.0, 1.0, 0.0]","[42500000000.0, 106250000000.0, 42500000000.0]",[0.8499999999999999],"[20.0, 21.0, 22.0, 23.0, 64.0, 65.0, 66.0, 67.0]"
wXtalk_T4_R04,wXtalk,4,4,config_com_dj_200G_CAKR_178_PKGB_06_2_2025__Case4_sweep_TxFFE.xlsx,akinwale_3dj_02_2311,Tx_PCB_4dB_OSFP_27dB_OSFP_4dB_PCB_Rx_TP0_TP5_VendorY_thru1.s4p,3,2,-4.81597542234662,-4.81597542234662,0.0,5.801885300042981,-12.0,9.6745823454132,313.07119549054045,-2.198227773937012,1.3203520269672142,0.417653259286072,0.0778162439228395,nan,0,"[0.0, 0.0, 1.0, 0.0]","[42500000000.0, 106250000000.0, 42500000000.0]",[0.8499999999999999],"[20.0, 21.0, 22.0, 23.0, 64.0, 65.0, 66.0, 67.0]"
wXtalk_T4_R05,wXtalk,4,5,config_com_dj_200G_CAKR_178_PKGB_06_2_2025__Case4_sweep_TxFFE.xlsx,weaver_3dj_02_2311,HH_5in_DAC_X_0p5m_HN_3in_thru_TP0_Tx7_to_TP5_Rx7.s4p,3,2,1.491725829715476,0.3004574716901222,1.1912683580253538,10.92505673405313,-14.0,14.774742624150129,16.037696860641724,0.2165364337265293,0.846339567971206,0.2178019884480083,0.0048977979550937,1.3119729496787958e-05,0,"[0.0, 0.0, 1.0, 0.0]","[42500000000.0, 106250000000.0, 42500000000.0]",[0.85],"[22.0, 23.0, 24.0, 25.0, 68.0, 69.0, 70.0, 71.0]"
wXtalk_T4_R06,wXtalk,4,6,config_com_dj_200G_CAKR_178_PKGB_06_2_2025__Case4_sweep_TxFFE.xlsx,weaver_3dj_02_2311,HH_5in_DAC_X_1p0m_HL_2in_thru_TP0_Tx7_to_TP5_Rx7.s4p,3,2,-0.1721584034296595,-0.9921122518994706,0.8199538484698111,9.652180418453211,-11.0,13.798885244982174,20.9072499565188,-0.6047075130272911,0.8491432915124011,0.2123964717298165,0.0130753501860391,0.0002654682430133,0,"[0.0, 0.0, 1.0, 0.0]","[42500000000.0, 106250000000.0, 42500000000.0]",[0.85],"[22.0, 23.0, 24.0, 25.0, 68.0, 69.0, 70.0, 71.0]"
wXtalk_T4_R07,wXtalk,4,7,config_com_dj_200G_CAKR_178_PKGB_06_2_2025__Case4_sweep_TxFFE.xlsx,weaver_3dj_02_2311,HN_3in_DAC_X_1p0m_HN_3in_thru_TP0_Tx7_to_TP5_Rx7.s4p,3,2,-1.172995547405062,-1.776891254540085,0.603895707135023,8.913281553249437,-7.0,13.773400953924131,23.457245778509616,-1.1533341166659372,1.0800959317287344,0.2639479003098191,0.0212089459280256,0.0010246522156529,0,"[0.0, 0.0, 1.0, 0.0]","[42500000000.0, 106250000000.0, 42500000000.0]",[0.85],"[23.0, 24.0, 25.0, 26.0, 31.0, 32.0, 33.0, 34.0]"
wXtalk_T4_R08,wXtalk,4,8,config_com_dj_200G_CAKR_178_PKGB_06_2_2025__Case4_sweep_TxFFE.xlsx,weaver_3dj_02_2311,HN_3in_DAC_X_1p5m_HL_2in_thru_TP0_Tx7_to_TP5_Rx7.s4p,3,2,-2.5901948037218,-2.728068962679808,0.1378741589580072,7.970940007110732,-3.0,12.826078008523794,36.05547450583953,-1.6032192354157826,0.9962781277870932,0.2677168200907788,0.0345870328006333,0.0044571329034862,0,"[0.0, 0.0, 1.0, 0.0]","[42500000000.0, 106250000000.0, 42500000000.0]",[0.85],"[24.0, 25.0, 26.0, 27.0, 31.0, 32.0, 33.0, 34.0]"
wXtalk_T4_R09,wXtalk,4,9,config_com_dj_200G_CAKR_178_PKGB_06_2_2025__Case4_sweep_TxFFE.xlsx,weaver_3dj_02_2311,HH_5in_DAC_Y_0p5m_HN_3in_thru_TP0_Tx7_to_TP5_Rx7.s4p,3,2,1.5368006046544476,0.3455322466290937,1.1912683580253538,10.999782223897768,-17.0,14.70364353980927,15.801009473667026,0.2575533925192122,1.7671760731573107,0.2872563362890634,0.0046897606279555,1.1606133836027884e-05,0,"[0.0, 0.0, 1.0, 0.0]","[42500000000.0, 106250000000.0, 42500000000.0]",[0.85],"[29.0, 30.0, 31.0, 32.0, 68.0, 69.0, 70.0, 71.0]"
wXtalk_T4_R10,wXtalk,4,10,config_com_dj_200G_CAKR_178_PKGB_06_2_2025__Case4_sweep_TxFFE.xlsx,weaver_3dj_02_2311,HH_5in_DAC_Y_1p0m_HL_2in_thru_TP0_Tx7_to_TP5_Rx7.s4p,3,2,-0.3736442593550875,-1.1380970267294568,0.7644527673743693,9.525921492046788,-16.0,13.87578983664477,21.48869622046328,-0.6914925511664928,1.3917306515351118,0.284663578600221,0.0143037782477428,0.0003539518632761,0,"[0.0, 0.0, 1.0, 0.0]","[42500000000.0, 106250000000.0, 42500000000.0]",[0.85],"[29.0, 30.0, 31.0, 32.0, 68.0, 69.0, 70.0, 71.0]"
wXtalk_T4_R11,wXtalk,4,11,config_com_dj_200G_CAKR_178_PKGB_06_2_2025__Case4_sweep_TxFFE.xlsx,weaver_3dj_02_2311,HN_3in_DAC_Y_1p0m_HN_3in_thru_TP0_Tx7_to_TP5_Rx7.s4p,3,2,0.3662787629034534,-0.5714250538507475,0.9377038167542008,10.075614642106206,-16.0,14.374786258899745,19.799606790024768,-0.3668257907633622,1.5037373294138936,0.2831863102801126,0.0097408049985839,0.000112632513707,0,"[0.0, 0.0, 1.0, 0.0]","[42500000000.0, 106250000000.0, 42500000000.0]",[0.85],"[29.0, 30.0, 31.0, 32.0, 68.0, 69.0, 70.0, 71.0]"
wXtalk_T4_R12,wXtalk,4,12,config_com_dj_200G_CAKR_178_PKGB_06_2_2025__Case4_sweep_TxFFE.xlsx,weaver_3dj_02_2311,HN_3in_DAC_Y_1p5m_HL_2in_thru_TP0_Tx7_to_TP5_Rx7.s4p,3,2,-1.7717247210424545,-2.137410889573073,0.3656861685306186,8.504470966668336,-15.0,14.066696194769378,27.696317056938824,-1.1396540872590466,1.1985235602352002,0.2854580396531016,0.0257144476399606,0.001988084939168,0,"[0.0, 0.0, 1.0, 0.0]","[42500000000.0, 106250000000.0, 42500000000.0]",[0.85],"[29.0, 30.0, 31.0, 32.0, 68.0, 69.0, 70.0, 71.0]"
wXtalk_T4_R13,wXtalk,4,13,config_com_dj_200G_CAKR_178_PKGB_06_2_2025__Case4_sweep_TxFFE.xlsx,weaver_3dj_02_2311,HH_5in_DAC_Z_0p5m_HN_3in_thru_TP0_Tx7_to_TP5_Rx7.s4p,3,2,1.282177435747388,0.1136569466072792,1.1685204891401089,10.73940687428365,-12.0,15.756247911920845,17.250527440955345,0.0764048257620372,0.9078118411839652,0.1439001504190031,0.0057214842315935,2.016279288763468e-05,0,"[0.0, 0.0, 1.0, 0.0]","[42500000000.0, 106250000000.0, 42500000000.0]",[0.8500000000000001],"[27.0, 28.0, 29.0, 30.0, 68.0, 69.0, 70.0, 71.0]"
wXtalk_T4_R14,wXtalk,4,14,config_com_dj_200G_CAKR_178_PKGB_06_2_2025__Case4_sweep_TxFFE.xlsx,weaver_3dj_02_2311,HH_5in_DAC_Z_1p0m_HL_2in_thru_TP0_Tx7_to_TP5_Rx7.s4p,3,2,-0.5859609121252609,-1.3265185072407597,0.7405575951154988,9.322807768715842,-7.0,14.836836133184113,21.752757462217232,-0.7937039232428161,0.7675152711307883,0.1403046720303077,0.0162750383933819,0.0004816345049321,0,"[0.0, 0.0, 1.0, 0.0]","[42500000000.0, 106250000000.0, 42500000000.0]",[0.85],"[26.0, 27.0, 28.0, 29.0, 68.0, 69.0, 70.0, 71.0]"
wXtalk_T4_R15,wXtalk,4,15,config_com_dj_200G_CAKR_178_PKGB_06_2_2025__Case4_sweep_TxFFE.xlsx,weaver_3dj_02_2311,HN_3in_DAC_Z_1p0m_HN_3in_thru_TP0_Tx7_to_TP5_Rx7.s4p,3,2,-1.5042761884614002,-2.034941478927335,0.5306652904659347,8.666624385830232,-4.0,13.962045656095832,24.543854301394333,-1.3196329831943985,1.50178825384469,0.1890837574228177,0.0245633599184541,0.0014980673672141,0,"[0.0, 0.0, 1.0, 0.0]","[42500000000.0, 106250000000.0, 42500000000.0]",[0.85],"[28.0, 29.0, 30.0, 31.0, 69.0, 70.0, 71.0, 72.0]"
wXtalk_T4_R16,wXtalk,4,16,config_com_dj_200G_CAKR_178_PKGB_06_2_2025__Case4_sweep_TxFFE.xlsx,weaver_3dj_02_2311,HN_3in_DAC_Z_1p5m_HL_2in_thru_TP0_Tx7_to_TP5_Rx7.s4p,3,2,-3.3934886811761378,-3.3934886811761378,0.0,7.342109637783687,2.0,13.230870127907902,313.07119549054045,-2.0896492138062226,1.3048469458085483,0.188684623289579,0.0466997201933388,0.0087101403692873,0,"[0.0, 0.0, 1.0, 0.0]","[42500000000.0, 106250000000.0, 42500000000.0]",[0.85],"[28.0, 29.0, 30.0, 31.0, 70.0, 71.0, 72.0, 73.0]"
wXtalk_T4_R17,wXtalk,4,17,config_com_dj_200G_CAKR_178_PKGB_06_2_2025__Case4_sweep_TxFFE.xlsx,akinwale_3dj_01_2310,Tx_NPC_250mm_32AWG_BPK_100mm_27AWG_BPK_250mm_32AWG_NPC_Rx_thru1.s4p,3,4,3.536584555332876,2.11367874631122,1.4229058090216562,12.741673153093249,-21.0,11.630659581067992,9.512981372510197,2.0415154222919885,1.5237525851314997,0.1815129392873195,0.0007195189685706,4.379210138879785e-08,1,"[0.0, 0.0, 1.0, 0.0]","[42500000000.0, 106250000000.0, 42500000000.0]",[0.8105266413140622],"[76.0, 77.0, 78.0, 79.0, 83.0, 84.0, 85.0, 86.0]"
wXtalk_T4_R18,wXtalk,4,18,config_com_dj_200G_CAKR_178_PKGB_06_2_2025__Case4_sweep_TxFFE.xlsx,akinwale_3dj_01_2310,Tx_NPC_250mm_32AWG_BPK_300mm_27AWG_BPK_250mm_32AWG_NPC_Rx_thru1.s4p,3,4,2.9538236974223424,1.59753347418554,1.3562902232368024,12.22923790619009,-22.0,11.750789051400773,10.803692205809984,1.3894543389306997,1.3983825000346233,0.1852500301147124,0.0013428969863654,2.987290648220284e-07,0,"[0.0, 0.0, 1.0, 0.0]","[42500000000.0, 106250000000.0, 42500000000.0]",[0.8329352150799779],"[75.0, 76.0, 77.0, 78.0, 83.0, 84.0, 85.0, 86.0]"
wXtalk_T4_R19,wXtalk,4,19,config_com_dj_200G_CAKR_178_PKGB_06_2_2025__Case4_sweep_TxFFE.xlsx,akinwale_3dj_01_2310,Tx_NPC_250mm_32AWG_BPK_500mm_27AWG_BPK_250mm_32AWG_NPC_Rx_thru1.s4p,3,4,2.220506985792486,0.9538398067574948,1.2666671790349913,11.598745107054844,-22.0,11.83859428225629,12.93385703226938,0.738160643570335,1.2967537077243296,0.1850527051958356,0.0026470591798037,2.289872053717486e-06,0,"[0.0, 0.0, 1.0, 0.0]","[42500000000.0, 106250000000.0, 42500000000.0]",[0.85],"[75.0, 76.0, 77.0, 78.0, 83.0, 84.0, 85.0, 86.0]"
wXtalk_T4_R20,wXtalk,4,20,config_com_dj_200G_CAKR_178_PKGB_06_2_2025__Case4_sweep_TxFFE.xlsx,akinwale_3dj_01_2310,Tx_NPC_250mm_32AWG_BPK_700mm_27AWG_BPK_250mm_32AWG_NPC_Rx_thru1.s4p,3,4,1.2931401348308134,0.1932229042479827,1.0999172305828306,10.859554066796283,-21.0,11.906745982525557,17.18192418239809,0.1353435895659754,1.2140862104630197,0.1821697300626366,0.0053484767956865,1.967265365888438e-05,0,"[0.0, 0.0, 1.0, 0.0]","[42500000000.0, 106250000000.0, 42500000000.0]",[0.85],"[75.0, 76.0, 77.0, 78.0, 83.0, 84.0, 85.0, 86.0]"
wXtalk_T4_R21,wXtalk,4,21,config_com_dj_200G_CAKR_178_PKGB_06_2_2025__Case4_sweep_TxFFE.xlsx,akinwale_3dj_01_2310,Tx_NPC_250mm_32AWG_BPK_900mm_27AWG_BPK_250mm_32AWG_NPC_Rx_thru1.s4p,3,4,0.1746764279161979,-0.692569132506392,0.8672455604225899,10.003414099423477,-22.0,11.95133307561376,20.44345957902385,-0.4584167073768642,1.1464544285973737,0.186447084300704,0.0106213170853924,0.0001530835876544,0,"[0.0, 0.0, 1.0, 0.0]","[42500000000.0, 106250000000.0, 42500000000.0]",[0.85],"[75.0, 76.0, 77.0, 78.0, 83.0, 84.0, 85.0, 86.0]"
wXtalk_T4_R22,wXtalk,4,22,config_com_dj_200G_CAKR_178_PKGB_06_2_2025__Case4_sweep_TxFFE.xlsx,akinwale_3dj_01_2310,Tx_NPC_250mm_32AWG_BPK_1200mm_27AWG_BPK_250mm_32AWG_NPC_Rx_thru1.s4p,3,4,-1.6580404230016257,-2.0486741136267343,0.390633690625109,8.64204415406188,-21.0,12.003065745741557,27.13547705699364,-1.1828862801608304,1.0694818281685954,0.1951869897132103,0.0245400317615732,0.0017785220957474,0,"[0.0, 0.0, 1.0, 0.0]","[42500000000.0, 106250000000.0, 42500000000.0]",[0.85],"[75.0, 76.0, 77.0, 78.0, 83.0, 84.0, 85.0, 86.0]"
wXtalk_T4_R23,wXtalk,4,23,config_com_dj_200G_CAKR_178_PKGB_06_2_2025__Case4_sweep_TxFFE.xlsx,akinwale_3dj_01_2310,Tx_NPC_250mm_32AWG_BPK_1400mm_27AWG_BPK_250mm_32AWG_NPC_Rx_thru1.s4p,3,4,-3.0089881892176136,-3.0089881892176136,0.0,7.705728156507197,-22.0,12.027313509232158,313.07119549054045,-1.65986681745432,1.0306150043077391,0.1973866386707931,0.0391842128354516,0.0063031144562186,0,"[0.0, 0.0, 1.0, 0.0]","[42500000000.0, 106250000000.0, 42500000000.0]",[0.8500000000000001],"[75.0, 76.0, 77.0, 78.0, 83.0, 84.0, 85.0, 86.0]"
wXtalk_T4_R24,wXtalk,4,24,config_com_dj_200G_CAKR_178_PKGB_06_2_2025__Case4_sweep_TxFFE.xlsx,lim_3dj_07_2309,li_dj_CR_Design_C_Rev1_THRU.s4p,2,1,-0.6952421251842184,-1.363717234923213,0.6684751097389946,9.257407694490768,-7.0,16.232681478737035,22.60667536990013,-0.7715804284707753,0.8731272731456233,0.1410837226929686,0.0165828936656875,0.000548744415069,0,"[0.0, 0.0, 1.0, 0.0]","[42500000000.0, 106250000000.0, 42500000000.0]",[0.85],"[18.0, 19.0, 20.0, 21.0, 69.0, 70.0, 71.0, 72.0]"
wXtalk_T4_R25,wXtalk,4,25,config_com_dj_200G_CAKR_178_PKGB_06_2_2025__Case4_sweep_TxFFE.xlsx,lim_3dj_04_230629,li_dj_CR_Design_B_Rev1_THRU.s4p,2,1,-0.4893659253463284,-1.2139568070722206,0.7245908817258923,9.401351365455302,-11.0,15.836549466657567,21.93420582935346,-0.6953914123606127,0.7753929746645429,0.1952949400131935,0.0150747812931705,0.0004152098349964,0,"[0.0, 0.0, 1.0, 0.0]","[42500000000.0, 106250000000.0, 42500000000.0]",[0.85],"[22.0, 23.0, 24.0, 25.0, 38.0, 39.0, 40.0, 41.0]"
wXtalk_T4_R26,wXtalk,4,26,config_com_dj_200G_CAKR_178_PKGB_06_2_2025__Case4_sweep_TxFFE.xlsx,lim_3dj_03_230629,li_dj_CR_Design_A_Rev1_THRU.s4p,2,1,-1.5074627860839611,-1.9312487674827232,0.4237859813987618,8.710143090490494,-16.0,15.650321115721876,26.44438589467836,-1.066992547079585,1.9883527516958612,0.2623953445625633,0.022980145717696,0.0015021240632807,0,"[0.0, 0.0, 1.0, 0.0]","[42500000000.0, 106250000000.0, 42500000000.0]",[0.85],"[20.0, 21.0, 22.0, 23.0, 37.0, 38.0, 39.0, 40.0]"
woXtalk_T1_R01,woXtalk,1,1,config_com_dj_200G_CAKR_178_PKGA_06_2_2025__Case1.xlsx,akinwale_3dj_02_2311,Tx_PCB_4dB_OSFP_22dB_OSFP_4dB_PCB_Rx_TP0_TP5_VendorX_thru1.s4p,0,0,3.495902660288385,2.124764758841122,1.371137901447263,12.69248123186642,-6.0,10.463367429754785,9.59450338956314,2.4236666522263106,0.0,0.2992198831865839,0.0007078505853034,4.5957227811164565e-08,1,[1.0],"[42500000000.0, 106250000000.0, 42500000000.0]",[0.8014847023581901],"[21.0, 22.0, 23.0, 24.0, 25.0, 26.0, 27.0, 28.0]"
woXtalk_T1_R02,woXtalk,1,2,config_com_dj_200G_CAKR_178_PKGA_06_2_2025__Case1.xlsx,akinwale_3dj_02_2311,Tx_PCB_4dB_OSFP_27dB_OSFP_4dB_PCB_Rx_TP0_TP5_VendorX_thru1.s4p,0,0,2.25215947239798,0.8958692491611775,1.3562902232368024,11.5275383985223,-6.0,10.495295547917436,12.826064995945256,0.8193471941041961,0.0,0.3171462053575813,0.0028273458076701,2.028927916735192e-06,0,[1.0],"[42500000000.0, 106250000000.0, 42500000000.0]",[0.85],"[18.0, 19.0, 20.0, 21.0, 23.0, 24.0, 25.0, 26.0]"
woXtalk_T1_R03,woXtalk,1,3,config_com_dj_200G_CAKR_178_PKGA_06_2_2025__Case1.xlsx,akinwale_3dj_02_2311,Tx_PCB_4dB_OSFP_22dB_OSFP_4dB_PCB_Rx_TP0_TP5_VendorY_thru1.s4p,0,0,3.966183967099089,2.580223724788504,1.3859602423105852,13.149261533692524,-15.0,9.650803469195354,8.716591130718838,3.003855151860044,0.0,0.4047469349029771,0.0003838623074683,8.47428665108442e-09,1,[1.0],"[42500000000.0, 106250000000.0, 42500000000.0]",[0.8107545238051416],"[21.0, 22.0, 23.0, 24.0, 26.0, 27.0, 28.0, 29.0]"
woXtalk_T1_R04,woXtalk,1,4,config_com_dj_200G_CAKR_178_PKGA_06_2_2025__Case1.xlsx,akinwale_3dj_02_2311,Tx_PCB_4dB_OSFP_27dB_OSFP_4dB_PCB_Rx_TP0_TP5_VendorY_thru1.s4p,0,0,2.1969276293013023,0.9829708222290694,1.213956807072233,11.581330067063444,-14.0,9.6745823454132,13.015294340446347,0.7599737042822607,0.0,0.4176532592860715,0.0025776109781042,2.3977858471267663e-06,0,[1.0],"[42500000000.0, 106250000000.0, 42500000000.0]",[0.85],"[18.0, 19.0, 20.0, 21.0, 22.0, 23.0, 24.0, 25.0]"
woXtalk_T1_R05,woXtalk,1,5,config_com_dj_200G_CAKR_178_PKGA_06_2_2025__Case1.xlsx,weaver_3dj_02_2311,HH_5in_DAC_X_0p5m_HN_3in_thru_TP0_Tx7_to_TP5_Rx7.s4p,0,0,5.214800956551219,3.755106063992611,1.4596948925586075,14.329107897161569,-12.0,14.774742624150129,6.908869751987483,6.03009222844875,0.0,0.217801988448008,5.604717153183892e-05,2.1329011204067583e-11,1,[1.0],"[42500000000.0, 106250000000.0, 42500000000.0]",[0.7155620914517793],"[23.0, 24.0, 25.0, 26.0, 31.0, 32.0, 33.0, 34.0]"
woXtalk_T1_R06,woXtalk,1,6,config_com_dj_200G_CAKR_178_PKGA_06_2_2025__Case1.xlsx,weaver_3dj_02_2311,HH_5in_DAC_X_1p0m_HL_2in_thru_TP0_Tx7_to_TP5_Rx7.s4p,0,0,4.853501558645521,3.2988779655976783,1.5546235930478418,13.85221136461029,-11.0,13.798885244982174,7.369224373531223,4.238486413391356,0.0,0.2123964717298162,0.0001263670937419,1.5163371547915515e-10,1,[1.0],"[42500000000.0, 106250000000.0, 42500000000.0]",[0.7808559340512314],"[19.0, 20.0, 21.0, 22.0, 23.0, 24.0, 25.0, 26.0]"
woXtalk_T1_R07,woXtalk,1,7,config_com_dj_200G_CAKR_178_PKGA_06_2_2025__Case1.xlsx,weaver_3dj_02_2311,HN_3in_DAC_X_1p0m_HN_3in_thru_TP0_Tx7_to_TP5_Rx7.s4p,0,0,3.598740582474255,2.0805053528187045,1.5182352296555504,12.704507040348236,-7.0,13.773400953924131,9.39060792744346,2.9168263136270576,0.0,0.2639479003098188,0.0007574723703873,3.050275215403133e-08,1,[1.0],"[42500000000.0, 106250000000.0, 42500000000.0]",[0.8076242600209196],"[23.0, 24.0, 25.0, 26.0, 32.0, 33.0, 34.0, 35.0]"
woXtalk_T1_R08,woXtalk,1,8,config_com_dj_200G_CAKR_178_PKGA_06_2_2025__Case1.xlsx,weaver_3dj_02_2311,HN_3in_DAC_X_1p5m_HL_2in_thru_TP0_Tx7_to_TP5_Rx7.s4p,0,0,3.223018185254889,1.6393932643023923,1.5836249209524964,12.275746860398812,-5.0,12.826078008523794,10.172766123314558,1.9877729823051995,0.0,0.2677168200907784,0.0012851926322762,1.1238484608620161e-07,1,[1.0],"[42500000000.0, 106250000000.0, 42500000000.0]",[0.85],"[23.0, 24.0, 25.0, 26.0, 32.0, 33.0, 34.0, 35.0]"
woXtalk_T1_R09,woXtalk,1,9,config_com_dj_200G_CAKR_178_PKGA_06_2_2025__Case1.xlsx,weaver_3dj_02_2311,HH_5in_DAC_Y_0p5m_HN_3in_thru_TP0_Tx7_to_TP5_Rx7.s4p,0,0,5.603827165720133,4.166187019597624,1.4376401461225088,14.716101526196177,-15.0,14.70364353980927,6.458382920999297,6.621017082947482,0.0,0.2872563362890631,2.5654794337571843e-05,2.7091627156660945e-12,1,[1.0],"[42500000000.0, 106250000000.0, 42500000000.0]",[0.6966751299500047],"[23.0, 24.0, 25.0, 26.0, 27.0, 28.0, 29.0, 30.0]"
woXtalk_T1_R10,woXtalk,1,10,config_com_dj_200G_CAKR_178_PKGA_06_2_2025__Case1.xlsx,weaver_3dj_02_2311,HH_5in_DAC_Y_1p0m_HL_2in_thru_TP0_Tx7_to_TP5_Rx7.s4p,0,0,5.1377069878962,3.648692608804376,1.4890143790918249,14.216779333689429,-16.0,13.87578983664477,7.003496987076054,4.58679129327097,0.0,0.2846635786002206,6.92677582730389e-05,3.920724324636035e-11,1,[1.0],"[42500000000.0, 106250000000.0, 42500000000.0]",[0.7520037155491064],"[23.0, 24.0, 25.0, 26.0, 27.0, 28.0, 29.0, 30.0]"
woXtalk_T1_R11,woXtalk,1,11,config_com_dj_200G_CAKR_178_PKGA_06_2_2025__Case1.xlsx,weaver_3dj_02_2311,HN_3in_DAC_Y_1p0m_HN_3in_thru_TP0_Tx7_to_TP5_Rx7.s4p,0,0,5.065758229622681,3.635482127720897,1.4302761019017831,14.197585344110731,-14.0,14.374786258899745,7.0935216359112845,4.973880090659175,0.0,0.2831863102801123,7.106483938451458e-05,5.2656783365643086e-11,1,[1.0],"[42500000000.0, 106250000000.0, 42500000000.0]",[0.7154652189006228],"[23.0, 24.0, 25.0, 26.0, 27.0, 28.0, 29.0, 30.0]"
woXtalk_T1_R12,woXtalk,1,12,config_com_dj_200G_CAKR_178_PKGA_06_2_2025__Case1.xlsx,weaver_3dj_02_2311,HN_3in_DAC_Y_1p5m_HL_2in_thru_TP0_Tx7_to_TP5_Rx7.s4p,0,0,4.547624764326343,3.0732577574038915,1.4743670069224522,13.658891948860571,-15.0,14.066696194769378,7.795424391892216,3.2639097713183225,0.0,0.2854580396531013,0.0001839950326448,7.7866687295832e-10,1,[1.0],"[42500000000.0, 106250000000.0, 42500000000.0]",[0.7804560753536866],"[23.0, 24.0, 25.0, 26.0, 27.0, 28.0, 29.0, 30.0]"
woXtalk_T1_R13,woXtalk,1,13,config_com_dj_200G_CAKR_178_PKGA_06_2_2025__Case1.xlsx,weaver_3dj_02_2311,HH_5in_DAC_Z_0p5m_HN_3in_thru_TP0_Tx7_to_TP5_Rx7.s4p,0,0,6.1294016236467455,4.509660685429003,1.6197409382177428,14.97315754813746,-11.0,15.756247911920845,5.913144238002412,6.344965090318104,0.0,0.1439001504190029,1.2105949228009797e-05,7.530396652343772e-14,1,[1.0],"[42500000000.0, 106250000000.0, 42500000000.0]",[0.756509133694934],"[21.0, 22.0, 23.0, 24.0, 26.0, 27.0, 28.0, 29.0]"
woXtalk_T1_R14,woXtalk,1,14,config_com_dj_200G_CAKR_178_PKGA_06_2_2025__Case1.xlsx,weaver_3dj_02_2311,HH_5in_DAC_Z_1p0m_HL_2in_thru_TP0_Tx7_to_TP5_Rx7.s4p,0,0,5.41332936584887,3.622291708119788,1.7910376577290823,14.107883260397262,-8.0,14.836836133184113,6.67354054427927,4.215217274758589,0.0,0.1403046720303075,7.133868178655922e-05,7.333340725572311e-12,1,[1.0],"[42500000000.0, 106250000000.0, 42500000000.0]",[0.843883517302213],"[21.0, 22.0, 23.0, 24.0, 27.0, 28.0, 29.0, 30.0]"
woXtalk_T1_R15,woXtalk,1,15,config_com_dj_200G_CAKR_178_PKGA_06_2_2025__Case1.xlsx,weaver_3dj_02_2311,HN_3in_DAC_Z_1p0m_HN_3in_thru_TP0_Tx7_to_TP5_Rx7.s4p,0,0,3.824958252877698,2.1692508465486964,1.6557074063290014,12.78218357368374,-2.0,13.962045656095832,8.966162003114398,2.8290821993167663,0.0,0.1890837574228176,0.0006767263444827,1.2712344887941314e-08,1,[1.0],"[42500000000.0, 106250000000.0, 42500000000.0]",[0.85],"[21.0, 22.0, 23.0, 24.0, 26.0, 27.0, 28.0, 29.0]"
woXtalk_T1_R16,woXtalk,1,16,config_com_dj_200G_CAKR_178_PKGA_06_2_2025__Case1.xlsx,weaver_3dj_02_2311,HN_3in_DAC_Z_1p5m_HL_2in_thru_TP0_Tx7_to_TP5_Rx7.s4p,0,0,2.614769299582253,1.1697713473119584,1.4449979522702947,11.848284939331164,5.0,13.230870127907902,11.702230442726515,1.4358302669192375,0.0,0.1886846232895789,0.0021874093059188,6.830701378325386e-07,0,[1.0],"[42500000000.0, 106250000000.0, 42500000000.0]",[0.85],"[22.0, 23.0, 24.0, 25.0, 26.0, 27.0, 28.0, 29.0]"
woXtalk_T1_R17,woXtalk,1,17,config_com_dj_200G_CAKR_178_PKGA_06_2_2025__Case1.xlsx,akinwale_3dj_01_2310,Tx_NPC_250mm_32AWG_BPK_100mm_27AWG_BPK_250mm_32AWG_NPC_Rx_thru1.s4p,0,0,6.684381216020817,5.291580680524294,1.3928005354965232,15.828916713729823,7.0,11.630659581067992,5.403963660664027,10.353119167094402,0.0,0.1815129392873194,1.6802996910416608e-06,1.0282197660892893e-15,1,[1.0],"[42500000000.0, 106250000000.0, 42500000000.0]",[0.5821273019995955],"[23.0, 24.0, 25.0, 26.0, 73.0, 74.0, 75.0, 76.0]"
woXtalk_T1_R18,woXtalk,1,18,config_com_dj_200G_CAKR_178_PKGA_06_2_2025__Case1.xlsx,akinwale_3dj_01_2310,Tx_NPC_250mm_32AWG_BPK_300mm_27AWG_BPK_250mm_32AWG_NPC_Rx_thru1.s4p,0,0,6.580197948923739,5.098504168358863,1.4816937805648756,15.62787151569962,6.0,11.750789051400773,5.494882791493232,8.480705926703632,0.0,0.1852500301147122,2.895183276710537e-06,2.6556099834815175e-15,1,[1.0],"[42500000000.0, 106250000000.0, 42500000000.0]",[0.631219874917644],"[23.0, 24.0, 25.0, 26.0, 73.0, 74.0, 75.0, 76.0]"
woXtalk_T1_R19,woXtalk,1,19,config_com_dj_200G_CAKR_178_PKGA_06_2_2025__Case1.xlsx,akinwale_3dj_01_2310,Tx_NPC_250mm_32AWG_BPK_500mm_27AWG_BPK_250mm_32AWG_NPC_Rx_thru1.s4p,0,0,6.533651368938751,4.928338822141856,1.6053125467968954,15.388243741552383,4.0,11.83859428225629,5.536170233828628,7.092413248522562,0.0,0.1850527051958354,4.406260982309674e-06,4.0815908673173e-15,1,[1.0],"[42500000000.0, 106250000000.0, 42500000000.0]",[0.7061536248920972],"[24.0, 25.0, 26.0, 27.0, 73.0, 74.0, 75.0, 76.0]"
woXtalk_T1_R20,woXtalk,1,20,config_com_dj_200G_CAKR_178_PKGA_06_2_2025__Case1.xlsx,akinwale_3dj_01_2310,Tx_NPC_250mm_32AWG_BPK_700mm_27AWG_BPK_250mm_32AWG_NPC_Rx_thru1.s4p,0,0,5.969007714529975,4.568250382374875,1.4007573321551,15.15345805399777,-19.0,11.906745982525557,6.072500389907131,6.6517919182808205,0.0,0.1821697300626364,1.0663168053057934e-05,2.858655824211093e-13,1,[1.0],"[42500000000.0, 106250000000.0, 42500000000.0]",[0.6844304508612159],"[23.0, 24.0, 25.0, 26.0, 27.0, 28.0, 29.0, 30.0]"
woXtalk_T1_R21,woXtalk,1,21,config_com_dj_200G_CAKR_178_PKGA_06_2_2025__Case1.xlsx,akinwale_3dj_01_2310,Tx_NPC_250mm_32AWG_BPK_900mm_27AWG_BPK_250mm_32AWG_NPC_Rx_thru1.s4p,0,0,5.6232550166467705,4.22249768449167,1.4007573321551,14.816608741759874,-19.0,11.95133307561376,6.43699679203109,5.482553168844218,0.0,0.1864470843007039,2.285608962393765e-05,2.7561316519722418e-12,1,[1.0],"[42500000000.0, 106250000000.0, 42500000000.0]",[0.7072492836216321],"[21.0, 22.0, 23.0, 24.0, 25.0, 26.0, 27.0, 28.0]"
woXtalk_T1_R22,woXtalk,1,22,config_com_dj_200G_CAKR_178_PKGA_06_2_2025__Case1.xlsx,akinwale_3dj_01_2310,Tx_NPC_250mm_32AWG_BPK_1200mm_27AWG_BPK_250mm_32AWG_NPC_Rx_thru1.s4p,0,0,4.995081531473204,3.609121289162621,1.3859602423105837,14.20687753420872,-19.0,12.003065745741557,7.183612940074267,3.7859775084531297,0.0,0.1951869897132101,7.354422821112709e-05,9.393489403195665e-11,1,[1.0],"[42500000000.0, 106250000000.0, 42500000000.0]",[0.7519665986923708],"[21.0, 22.0, 23.0, 24.0, 25.0, 26.0, 27.0, 28.0]"
woXtalk_T1_R23,woXtalk,1,23,config_com_dj_200G_CAKR_178_PKGA_06_2_2025__Case1.xlsx,akinwale_3dj_01_2310,Tx_NPC_250mm_32AWG_BPK_1400mm_27AWG_BPK_250mm_32AWG_NPC_Rx_thru1.s4p,0,0,4.42461073452675,3.060893499603519,1.3637172349232307,13.692809181530306,-20.0,12.027313509232158,7.977379623600994,2.855654643526261,0.0,0.1973866386707928,0.0001853599282267,1.4048648423808875e-09,1,[1.0],"[42500000000.0, 106250000000.0, 42500000000.0]",[0.7811924274764602],"[21.0, 22.0, 23.0, 24.0, 25.0, 26.0, 27.0, 28.0]"
woXtalk_T1_R24,woXtalk,1,24,config_com_dj_200G_CAKR_178_PKGA_06_2_2025__Case1.xlsx,lim_3dj_07_2309,li_dj_CR_Design_C_Rev1_THRU.s4p,0,0,5.295785977143123,3.5828402112059927,1.7129457659371308,14.052988135205426,-9.0,16.232681478737035,6.811449934295992,4.099878372341137,0.0,0.1410837226929685,7.682010306258218e-05,1.4812846972771444e-11,1,[1.0],"[42500000000.0, 106250000000.0, 42500000000.0]",[0.8299594058121053],"[16.0, 17.0, 18.0, 19.0, 23.0, 24.0, 25.0, 26.0]"
woXtalk_T1_R25,woXtalk,1,25,config_com_dj_200G_CAKR_178_PKGA_06_2_2025__Case1.xlsx,lim_3dj_04_230629,li_dj_CR_Design_B_Rev1_THRU.s4p,0,0,4.742559039373884,3.260865258809007,1.481693780564877,13.769528813062337,-11.0,15.836549466657567,7.519682868097055,3.930540867021848,0.0,0.1952949400131934,0.0001361813051807,2.6887716075428115e-10,1,[1.0],"[42500000000.0, 106250000000.0, 42500000000.0]",[0.7759389402990629],"[21.0, 22.0, 23.0, 24.0, 25.0, 26.0, 27.0, 28.0]"
woXtalk_T1_R26,woXtalk,1,26,config_com_dj_200G_CAKR_178_PKGA_06_2_2025__Case1.xlsx,lim_3dj_03_230629,li_dj_CR_Design_A_Rev1_THRU.s4p,0,0,4.616380123486815,3.2230181852549005,1.3933619382319145,13.809163467728611,-16.0,15.650321115721876,7.696454705343652,3.646727598956378,0.0,0.2623953445625631,0.0001425323608443,4.887704319568221e-10,1,[1.0],"[42500000000.0, 106250000000.0, 42500000000.0]",[0.7700185364647476],"[22.0, 23.0, 24.0, 25.0, 38.0, 39.0, 40.0, 41.0]"
woXtalk_T2_R01,woXtalk,2,1,config_com_dj_200G_CAKR_178_PKGA_06_2_2025__Case2.xlsx,akinwale_3dj_02_2311,Tx_PCB_4dB_OSFP_22dB_OSFP_4dB_PCB_Rx_TP0_TP5_VendorX_thru1.s4p,0,0,1.9100450016733208,0.6584053171100583,1.2516396845632625,11.257374462275038,-9.0,10.463367429754785,14.092942744554186,0.5147864559381506,0.0,0.2992198831865839,0.0035533971708472,4.904717658299555e-06,0,[1.0],"[42500000000.0, 106250000000.0, 42500000000.0]",[0.85],"[22.0, 23.0, 24.0, 25.0, 51.0, 52.0, 53.0, 54.0]"
woXtalk_T2_R02,woXtalk,2,2,config_com_dj_200G_CAKR_178_PKGA_06_2_2025__Case2.xlsx,akinwale_3dj_02_2311,Tx_PCB_4dB_OSFP_27dB_OSFP_4dB_PCB_Rx_TP0_TP5_VendorX_thru1.s4p,0,0,-0.389217876597462,-1.1457128883642993,0.7564950117668373,9.514150046022229,-6.0,10.495295547917436,21.575667165344957,-0.7189316891115056,0.0,0.3171462053575813,0.0144399714043319,0.0003628924478011,0,[1.0],"[42500000000.0, 106250000000.0, 42500000000.0]",[0.85],"[22.0, 23.0, 24.0, 25.0, 51.0, 52.0, 53.0, 54.0]"
woXtalk_T2_R03,woXtalk,2,3,config_com_dj_200G_CAKR_178_PKGA_06_2_2025__Case2.xlsx,akinwale_3dj_02_2311,Tx_PCB_4dB_OSFP_22dB_OSFP_4dB_PCB_Rx_TP0_TP5_VendorY_thru1.s4p,0,0,2.091259544731641,0.9151498112135064,1.1761097335181343,11.49444203333992,-15.0,9.650803469195354,13.392788046227476,0.6955484042580592,0.0,0.4047469349029771,0.0027676364261747,3.165278165096305e-06,0,[1.0],"[42500000000.0, 106250000000.0, 42500000000.0]",[0.8480475030835137],"[20.0, 21.0, 22.0, 23.0, 51.0, 52.0, 53.0, 54.0]"
woXtalk_T2_R04,woXtalk,2,4,config_com_dj_200G_CAKR_178_PKGA_06_2_2025__Case2.xlsx,akinwale_3dj_02_2311,Tx_PCB_4dB_OSFP_27dB_OSFP_4dB_PCB_Rx_TP0_TP5_VendorY_thru1.s4p,0,0,-1.0094212454010734,-1.54008653586701,0.5306652904659366,9.089435870550162,-13.0,9.6745823454132,24.54385430139428,-0.8647909214855561,0.0,0.4176532592860715,0.0184243838380904,0.0008340094852167,0,[1.0],"[42500000000.0, 106250000000.0, 42500000000.0]",[0.85],"[20.0, 21.0, 22.0, 23.0, 51.0, 52.0, 53.0, 54.0]"
woXtalk_T2_R05,woXtalk,2,5,config_com_dj_200G_CAKR_178_PKGA_06_2_2025__Case2.xlsx,weaver_3dj_02_2311,HH_5in_DAC_X_0p5m_HN_3in_thru_TP0_Tx7_to_TP5_Rx7.s4p,0,0,4.1526363401878665,2.6271112321035144,1.5255251080843522,13.209652817704072,-15.0,14.774742624150129,8.403561067827667,2.7079963970776237,0.0,0.217801988448008,0.0003596181283571,4.089540038986664e-09,1,[1.0],"[42500000000.0, 106250000000.0, 42500000000.0]",[0.8156585831717755],"[22.0, 23.0, 24.0, 25.0, 51.0, 52.0, 53.0, 54.0]"
woXtalk_T2_R06,woXtalk,2,6,config_com_dj_200G_CAKR_178_PKGA_06_2_2025__Case2.xlsx,weaver_3dj_02_2311,HH_5in_DAC_X_1p0m_HL_2in_thru_TP0_Tx7_to_TP5_Rx7.s4p,0,0,3.2552112040145964,1.766196824922773,1.489014379091823,12.341197236562223,-12.0,13.798885244982174,10.10153618679092,1.4821149069097015,0.0,0.2123964717298162,0.0011018860865867,1.1139073463314193e-07,1,[1.0],"[42500000000.0, 106250000000.0, 42500000000.0]",[0.85],"[22.0, 23.0, 24.0, 25.0, 51.0, 52.0, 53.0, 54.0]"
woXtalk_T2_R07,woXtalk,2,7,config_com_dj_200G_CAKR_178_PKGA_06_2_2025__Case2.xlsx,weaver_3dj_02_2311,HN_3in_DAC_X_1p0m_HN_3in_thru_TP0_Tx7_to_TP5_Rx7.s4p,0,0,1.938200260161139,0.6116817529203846,1.3265185072407544,11.237869552602136,-8.0,13.773400953924131,13.979400086720334,0.5585085458102816,0.0,0.2639479003098188,0.0037220457004124,4.454455961315681e-06,0,[1.0],"[42500000000.0, 106250000000.0, 42500000000.0]",[0.8499999999999999],"[21.0, 22.0, 23.0, 24.0, 51.0, 52.0, 53.0, 54.0]"
woXtalk_T2_R08,woXtalk,2,8,config_com_dj_200G_CAKR_178_PKGA_06_2_2025__Case2.xlsx,weaver_3dj_02_2311,HN_3in_DAC_X_1p5m_HL_2in_thru_TP0_Tx7_to_TP5_Rx7.s4p,0,0,1.0259081195238662,-0.1121889072055867,1.1380970267294528,10.551966046578388,-5.0,12.826078008523794,18.215536313164648,-0.0906324290021257,0.0,0.2677168200907784,0.0069396261763071,3.321238671912065e-05,0,[1.0],"[42500000000.0, 106250000000.0, 42500000000.0]",[0.85],"[21.0, 22.0, 23.0, 24.0, 51.0, 52.0, 53.0, 54.0]"
woXtalk_T2_R09,woXtalk,2,9,config_com_dj_200G_CAKR_178_PKGA_06_2_2025__Case2.xlsx,weaver_3dj_02_2311,HH_5in_DAC_Y_0p5m_HN_3in_thru_TP0_Tx7_to_TP5_Rx7.s4p,0,0,4.554452889827579,3.0362176601720288,1.5182352296555504,13.633389957357586,-17.0,14.70364353980927,7.785509844409677,3.109129443203011,0.0,0.2872563362890631,0.0001947355731507,7.504968663700383e-10,1,[1.0],"[42500000000.0, 106250000000.0, 42500000000.0]",[0.8031047664743171],"[29.0, 30.0, 31.0, 32.0, 52.0, 53.0, 54.0, 55.0]"
woXtalk_T2_R10,woXtalk,2,10,config_com_dj_200G_CAKR_178_PKGA_06_2_2025__Case2.xlsx,weaver_3dj_02_2311,HH_5in_DAC_Y_1p0m_HL_2in_thru_TP0_Tx7_to_TP5_Rx7.s4p,0,0,3.433866053359848,2.0035899514580664,1.4302761019017816,12.595773200419371,-16.0,13.87578983664477,9.72106151173179,1.572237047078308,0.0,0.2846635786002206,0.0008251011825768,6.479696162164866e-08,1,[1.0],"[42500000000.0, 106250000000.0, 42500000000.0]",[0.8394069807255269],"[29.0, 30.0, 31.0, 32.0, 52.0, 53.0, 54.0, 55.0]"
woXtalk_T2_R11,woXtalk,2,11,config_com_dj_200G_CAKR_178_PKGA_06_2_2025__Case2.xlsx,weaver_3dj_02_2311,HN_3in_DAC_Y_1p0m_HN_3in_thru_TP0_Tx7_to_TP5_Rx7.s4p,0,0,3.83120302146728,2.3495092409024045,1.4816937805648756,12.958312499138993,-17.0,14.374786258899745,8.954886433064006,2.0733035118798564,0.0,0.2831863102801123,0.0005246918729558,1.4646837063965665e-08,1,[1.0],"[42500000000.0, 106250000000.0, 42500000000.0]",[0.8246373943195883],"[29.0, 30.0, 31.0, 32.0, 52.0, 53.0, 54.0, 55.0]"
woXtalk_T2_R12,woXtalk,2,12,config_com_dj_200G_CAKR_178_PKGA_06_2_2025__Case2.xlsx,weaver_3dj_02_2311,HN_3in_DAC_Y_1p5m_HL_2in_thru_TP0_Tx7_to_TP5_Rx7.s4p,0,0,2.389641616297414,1.100481831759045,1.289159784538369,11.70150593382871,-15.0,14.066696194769378,12.377075719066411,0.753661198059803,0.0,0.2854580396531013,0.0023034964970127,1.5061284785050026e-06,0,[1.0],"[42500000000.0, 106250000000.0, 42500000000.0]",[0.8500000000000001],"[23.0, 24.0, 25.0, 26.0, 29.0, 30.0, 31.0, 32.0]"
woXtalk_T2_R13,woXtalk,2,13,config_com_dj_200G_CAKR_178_PKGA_06_2_2025__Case2.xlsx,weaver_3dj_02_2311,HH_5in_DAC_Z_0p5m_HN_3in_thru_TP0_Tx7_to_TP5_Rx7.s4p,0,0,4.480116916970431,2.817234054109385,1.6628828628610457,13.353248933071583,-14.0,15.756247911920845,7.894486422806831,2.6239457834795337,0.0,0.1439001504190029,0.0002702414496448,1.005663447472591e-09,1,[1.0],"[42500000000.0, 106250000000.0, 42500000000.0]",[0.8462293256470987],"[28.0, 29.0, 30.0, 31.0, 51.0, 52.0, 53.0, 54.0]"
woXtalk_T2_R14,woXtalk,2,14,config_com_dj_200G_CAKR_178_PKGA_06_2_2025__Case2.xlsx,weaver_3dj_02_2311,HH_5in_DAC_Z_1p0m_HL_2in_thru_TP0_Tx7_to_TP5_Rx7.s4p,0,0,3.0761143509560576,1.587099971864235,1.489014379091823,12.151592625273516,-8.0,14.836836133184113,10.508949138576105,1.2750691261810232,0.0,0.1403046720303075,0.0013639169768208,1.9797479065246165e-07,1,[1.0],"[42500000000.0, 106250000000.0, 42500000000.0]",[0.85],"[28.0, 29.0, 30.0, 31.0, 51.0, 52.0, 53.0, 54.0]"
woXtalk_T2_R15,woXtalk,2,15,config_com_dj_200G_CAKR_178_PKGA_06_2_2025__Case2.xlsx,weaver_3dj_02_2311,HN_3in_DAC_Z_1p0m_HN_3in_thru_TP0_Tx7_to_TP5_Rx7.s4p,0,0,2.036957550751489,0.6584053171100529,1.3785522336414364,11.30043958016294,-3.0,13.962045656095832,13.595230546350807,0.5835505867310652,0.0,0.1890837574228176,0.0035726640559463,3.5332349978766525e-06,0,[1.0],"[42500000000.0, 106250000000.0, 42500000000.0]",[0.85],"[28.0, 29.0, 30.0, 31.0, 51.0, 52.0, 53.0, 54.0]"
woXtalk_T2_R16,woXtalk,2,16,config_com_dj_200G_CAKR_178_PKGA_06_2_2025__Case2.xlsx,weaver_3dj_02_2311,HN_3in_DAC_Z_1p5m_HL_2in_thru_TP0_Tx7_to_TP5_Rx7.s4p,0,0,0.3801178125804521,-0.6119944393190109,0.992112251899463,10.077656233830416,3.0,13.230870127907902,19.336404845570485,-0.5044203576124148,0.0,0.1886846232895789,0.0102409383689464,0.0001073400848177,0,[1.0],"[42500000000.0, 106250000000.0, 42500000000.0]",[0.85],"[28.0, 29.0, 30.0, 31.0, 51.0, 52.0, 53.0, 54.0]"
woXtalk_T2_R17,woXtalk,2,17,config_com_dj_200G_CAKR_178_PKGA_06_2_2025__Case2.xlsx,akinwale_3dj_01_2310,Tx_NPC_250mm_32AWG_BPK_100mm_27AWG_BPK_250mm_32AWG_NPC_Rx_thru1.s4p,0,0,5.64540349351333,4.222497684491672,1.4229058090216578,14.84551077099815,-20.0,11.630659581067992,6.412737911994723,5.991026125001667,0.0,0.1815129392873194,2.273168489363515e-05,2.2625046393491877e-12,1,[1.0],"[42500000000.0, 106250000000.0, 42500000000.0]",[0.7017155607886792],"[52.0, 53.0, 54.0, 55.0, 71.0, 72.0, 73.0, 74.0]"
woXtalk_T2_R18,woXtalk,2,18,config_com_dj_200G_CAKR_178_PKGA_06_2_2025__Case2.xlsx,akinwale_3dj_01_2310,Tx_NPC_250mm_32AWG_BPK_300mm_27AWG_BPK_250mm_32AWG_NPC_Rx_thru1.s4p,0,0,5.38745505652159,3.971925799652897,1.415529256868694,14.605566782819304,-20.0,11.750789051400773,6.703551262905097,4.953831294778407,0.0,0.1852500301147122,3.725499134447989e-05,1.1132627753587934e-11,1,[1.0],"[42500000000.0, 106250000000.0, 42500000000.0]",[0.7399481054168766],"[52.0, 53.0, 54.0, 55.0, 74.0, 75.0, 76.0, 77.0]"
woXtalk_T2_R19,woXtalk,2,19,config_com_dj_200G_CAKR_178_PKGA_06_2_2025__Case2.xlsx,akinwale_3dj_01_2310,Tx_NPC_250mm_32AWG_BPK_500mm_27AWG_BPK_250mm_32AWG_NPC_Rx_thru1.s4p,0,0,5.030438142922206,3.622291708119811,1.4081464348023949,14.24465623321854,-20.0,11.83859428225629,7.1383355729235305,3.944186209431148,0.0,0.1850527051958354,7.224785521783352e-05,7.631770711967202e-11,1,[1.0],"[42500000000.0, 106250000000.0, 42500000000.0]",[0.761031967420518],"[51.0, 52.0, 53.0, 54.0, 72.0, 73.0, 74.0, 75.0]"
woXtalk_T2_R20,woXtalk,2,20,config_com_dj_200G_CAKR_178_PKGA_06_2_2025__Case2.xlsx,akinwale_3dj_01_2310,Tx_NPC_250mm_32AWG_BPK_700mm_27AWG_BPK_250mm_32AWG_NPC_Rx_thru1.s4p,0,0,4.521304680350395,3.1353444380398106,1.3859602423105852,13.751253559378103,-21.0,11.906745982525557,7.833821187900723,3.031434860744692,0.0,0.1821697300626364,0.000164537166208,8.789647523044135e-10,1,[1.0],"[42500000000.0, 106250000000.0, 42500000000.0]",[0.7881588229453637],"[51.0, 52.0, 53.0, 54.0, 72.0, 73.0, 74.0, 75.0]"
woXtalk_T2_R21,woXtalk,2,21,config_com_dj_200G_CAKR_178_PKGA_06_2_2025__Case2.xlsx,akinwale_3dj_01_2310,Tx_NPC_250mm_32AWG_BPK_900mm_27AWG_BPK_250mm_32AWG_NPC_Rx_thru1.s4p,0,0,3.8327457406259033,2.498774732165997,1.3339710084599052,13.108456786834443,-21.0,11.95133307561376,8.952104395925055,2.125818961599994,0.0,0.1864470843007039,0.0004287955304778,1.5749938894765784e-08,1,[1.0],"[42500000000.0, 106250000000.0, 42500000000.0]",[0.8108088446645088],"[51.0, 52.0, 53.0, 54.0, 72.0, 73.0, 74.0, 75.0]"
woXtalk_T2_R22,woXtalk,2,22,config_com_dj_200G_CAKR_178_PKGA_06_2_2025__Case2.xlsx,akinwale_3dj_01_2310,Tx_NPC_250mm_32AWG_BPK_1200mm_27AWG_BPK_250mm_32AWG_NPC_Rx_thru1.s4p,0,0,2.5569252802226474,1.350524706456944,1.2064005737657038,12.01211963582614,-22.0,12.003065745741557,11.869048166683491,1.0136246379608311,0.0,0.1951869897132101,0.0017531900200515,9.427232435858336e-07,0,[1.0],"[42500000000.0, 106250000000.0, 42500000000.0]",[0.8410366732805981],"[51.0, 52.0, 53.0, 54.0, 75.0, 76.0, 77.0, 78.0]"
woXtalk_T2_R23,woXtalk,2,23,config_com_dj_200G_CAKR_178_PKGA_06_2_2025__Case2.xlsx,akinwale_3dj_01_2310,Tx_NPC_250mm_32AWG_BPK_1400mm_27AWG_BPK_250mm_32AWG_NPC_Rx_thru1.s4p,0,0,1.6159402531868965,0.5466881546777905,1.069252098509106,11.204969262817206,-21.0,12.027313509232158,15.40322752443807,0.3654073479275321,0.0,0.1973866386707928,0.003925243658513,9.95351083345815e-06,0,[1.0],"[42500000000.0, 106250000000.0, 42500000000.0]",[0.85],"[51.0, 52.0, 53.0, 54.0, 75.0, 76.0, 77.0, 78.0]"
woXtalk_T2_R24,woXtalk,2,24,config_com_dj_200G_CAKR_178_PKGA_06_2_2025__Case2.xlsx,lim_3dj_07_2309,li_dj_CR_Design_C_Rev1_THRU.s4p,0,0,3.0906751554941434,1.6603990535923605,1.4302761019017831,12.207124785625092,-10.0,16.232681478737035,10.47478199414532,1.2913114943965964,0.0,0.1410837226929685,0.001249691190028,1.8606220547631947e-07,1,[1.0],"[42500000000.0, 106250000000.0, 42500000000.0]",[0.85],"[17.0, 18.0, 19.0, 20.0, 51.0, 52.0, 53.0, 54.0]"
woXtalk_T2_R25,woXtalk,2,25,config_com_dj_200G_CAKR_178_PKGA_06_2_2025__Case2.xlsx,lim_3dj_04_230629,li_dj_CR_Design_B_Rev1_THRU.s4p,0,0,2.9686713756327903,1.5975334741855272,1.371137901447263,12.1451300419117,-11.0,15.836549466657567,10.767143937385605,1.2377935074210713,0.0,0.1952949400131934,0.0013395821723747,2.7606424066249615e-07,0,[1.0],"[42500000000.0, 106250000000.0, 42500000000.0]",[0.8456132856501085],"[22.0, 23.0, 24.0, 25.0, 51.0, 52.0, 53.0, 54.0]"
woXtalk_T2_R26,woXtalk,2,26,config_com_dj_200G_CAKR_178_PKGA_06_2_2025__Case2.xlsx,lim_3dj_03_230629,li_dj_CR_Design_A_Rev1_THRU.s4p,0,0,2.4736346577759507,1.2596778507037163,1.2139568070722346,11.87922449444528,-16.0,15.650321115721876,12.117059606902025,0.9307179564592044,0.0,0.2623953445625631,0.0019372648495354,1.167356739581639e-06,0,[1.0],"[42500000000.0, 106250000000.0, 42500000000.0]",[0.8357018495435276],"[20.0, 21.0, 22.0, 23.0, 51.0, 52.0, 53.0, 54.0]"
woXtalk_T3_R01,woXtalk,3,1,config_com_dj_200G_CAKR_178_PKGB_06_2_2025__Case3.xlsx,akinwale_3dj_02_2311,Tx_PCB_4dB_OSFP_22dB_OSFP_4dB_PCB_Rx_TP0_TP5_VendorX_thru1.s4p,0,0,1.1870214416725222,0.0260968337668875,1.1609246079056348,10.670157856631828,-8.0,10.463367429754785,17.873867492216874,0.0195915697898075,0.0,0.2992198831865839,0.0061902734613319,2.433669915695384e-05,0,[1.0],"[42500000000.0, 106250000000.0, 42500000000.0]",[0.8499999999999999],"[49.0, 50.0, 51.0, 52.0, 81.0, 82.0, 83.0, 84.0]"
woXtalk_T3_R02,woXtalk,3,2,config_com_dj_200G_CAKR_178_PKGB_06_2_2025__Case3.xlsx,akinwale_3dj_02_2311,Tx_PCB_4dB_OSFP_27dB_OSFP_4dB_PCB_Rx_TP0_TP5_VendorX_thru1.s4p,0,0,-1.16795280248666,-1.7556283561908514,0.5876755537041916,8.931496777968368,-5.0,10.495295547917436,23.685714753419063,-1.0682232235203195,0.0,0.3171462053575813,0.020921664632553,0.0010053589179116,0,[1.0],"[42500000000.0, 106250000000.0, 42500000000.0]",[0.85],"[50.0, 51.0, 52.0, 53.0, 81.0, 82.0, 83.0, 84.0]"
woXtalk_T3_R03,woXtalk,3,3,config_com_dj_200G_CAKR_178_PKGB_06_2_2025__Case3.xlsx,akinwale_3dj_02_2311,Tx_PCB_4dB_OSFP_22dB_OSFP_4dB_PCB_Rx_TP0_TP5_VendorY_thru1.s4p,0,0,1.2705725129551684,0.1400980313731609,1.1304744815820074,10.753882005811096,-14.0,9.650803469195354,17.323840518176233,0.1021548880824237,0.0,0.4047469349029771,0.0056033749022829,2.0675337294153976e-05,0,[1.0],"[42500000000.0, 106250000000.0, 42500000000.0]",[0.8492247671781722],"[20.0, 21.0, 22.0, 23.0, 50.0, 51.0, 52.0, 53.0]"
woXtalk_T3_R04,woXtalk,3,4,config_com_dj_200G_CAKR_178_PKGB_06_2_2025__Case3.xlsx,akinwale_3dj_02_2311,Tx_PCB_4dB_OSFP_27dB_OSFP_4dB_PCB_Rx_TP0_TP5_VendorY_thru1.s4p,0,0,-1.9214482980966283,-2.245395368345408,0.3239470702487793,8.399510562874434,-13.0,9.6745823454132,28.72827513791259,-1.2161707505992632,0.0,0.4176532592860715,0.0272023521915157,0.0023226966779873,0,[1.0],"[42500000000.0, 106250000000.0, 42500000000.0]",[0.85],"[20.0, 21.0, 22.0, 23.0, 50.0, 51.0, 52.0, 53.0]"
woXtalk_T3_R05,woXtalk,3,5,config_com_dj_200G_CAKR_178_PKGB_06_2_2025__Case3.xlsx,weaver_3dj_02_2311,HH_5in_DAC_X_0p5m_HN_3in_thru_TP0_Tx7_to_TP5_Rx7.s4p,0,0,3.687486076204272,2.169250846548723,1.5182352296555488,12.75906787125205,-14.0,14.774742624150129,9.220290908992837,2.077758387518537,0.0,0.217801988448008,0.0006751587181289,2.5398186294491128e-08,1,[1.0],"[42500000000.0, 106250000000.0, 42500000000.0]",[0.8266056131377237],"[22.0, 23.0, 24.0, 25.0, 49.0, 50.0, 51.0, 52.0]"
woXtalk_T3_R06,woXtalk,3,6,config_com_dj_200G_CAKR_178_PKGB_06_2_2025__Case3.xlsx,weaver_3dj_02_2311,HH_5in_DAC_X_1p0m_HL_2in_thru_TP0_Tx7_to_TP5_Rx7.s4p,0,0,2.669894152377576,1.2396180504757928,1.4302761019017831,11.840008750291757,-12.0,13.798885244982174,11.54718422153293,0.98450445177353,0.0,0.2123964717298162,0.0020000677909531,6.833563515157293e-07,0,[1.0],"[42500000000.0, 106250000000.0, 42500000000.0]",[0.8500000000000001],"[22.0, 23.0, 24.0, 25.0, 49.0, 50.0, 51.0, 52.0]"
woXtalk_T3_R07,woXtalk,3,7,config_com_dj_200G_CAKR_178_PKGB_06_2_2025__Case3.xlsx,weaver_3dj_02_2311,HN_3in_DAC_X_1p0m_HN_3in_thru_TP0_Tx7_to_TP5_Rx7.s4p,0,0,1.5537250992134544,0.2645653146750852,1.289159784538369,10.9191917006298,-8.0,13.773400953924131,15.714087765481882,0.2276709654607037,0.0,0.2639479003098188,0.0050834112741633,1.1337122925214351e-05,0,[1.0],"[42500000000.0, 106250000000.0, 42500000000.0]",[0.85],"[23.0, 24.0, 25.0, 26.0, 31.0, 32.0, 33.0, 34.0]"
woXtalk_T3_R08,woXtalk,3,8,config_com_dj_200G_CAKR_178_PKGB_06_2_2025__Case3.xlsx,weaver_3dj_02_2311,HN_3in_DAC_X_1p5m_HL_2in_thru_TP0_Tx7_to_TP5_Rx7.s4p,0,0,0.555451564372961,-0.5061173052954344,1.0615688696683954,10.172000506006093,-4.0,12.826078008523794,18.782701823531625,-0.3837781536774583,0.0,0.2677168200907784,0.00932155841633,8.05143189707651e-05,0,[1.0],"[42500000000.0, 106250000000.0, 42500000000.0]",[0.85],"[23.0, 24.0, 25.0, 26.0, 31.0, 32.0, 33.0, 34.0]"
woXtalk_T3_R09,woXtalk,3,9,config_com_dj_200G_CAKR_178_PKGB_06_2_2025__Case3.xlsx,weaver_3dj_02_2311,HH_5in_DAC_Y_0p5m_HN_3in_thru_TP0_Tx7_to_TP5_Rx7.s4p,0,0,3.845838053805884,2.34950924090239,1.4963288129034944,12.969379551997624,-16.0,14.70364353980927,8.928550211897267,2.2684483358773497,0.0,0.2872563362890631,0.0005263244301471,1.4442243517029956e-08,1,[1.0],"[42500000000.0, 106250000000.0, 42500000000.0]",[0.8120747392601126],"[29.0, 30.0, 31.0, 32.0, 50.0, 51.0, 52.0, 53.0]"
woXtalk_T3_R10,woXtalk,3,10,config_com_dj_200G_CAKR_178_PKGB_06_2_2025__Case3.xlsx,weaver_3dj_02_2311,HH_5in_DAC_Y_1p0m_HL_2in_thru_TP0_Tx7_to_TP5_Rx7.s4p,0,0,2.6530397889356343,1.259677850703723,1.3933619382319111,11.88614185299845,-16.0,13.87578983664477,11.59419234973521,0.9596172377012124,0.0,0.2846635786002206,0.0019419469510245,7.203338907172666e-07,0,[1.0],"[42500000000.0, 106250000000.0, 42500000000.0]",[0.8497734266338791],"[29.0, 30.0, 31.0, 32.0, 50.0, 51.0, 52.0, 53.0]"
woXtalk_T3_R11,woXtalk,3,11,config_com_dj_200G_CAKR_178_PKGB_06_2_2025__Case3.xlsx,weaver_3dj_02_2311,HN_3in_DAC_Y_1p0m_HN_3in_thru_TP0_Tx7_to_TP5_Rx7.s4p,0,0,3.0980391997148624,1.6603990535923554,1.4376401461225072,12.29182227796313,-16.0,14.374786258899745,10.457574905606752,1.3809870754307052,0.0,0.2831863102801123,0.0012494715131889,1.932296130506617e-07,1,[1.0],"[42500000000.0, 106250000000.0, 42500000000.0]",[0.8328297395243097],"[29.0, 30.0, 31.0, 32.0, 50.0, 51.0, 52.0, 53.0]"
woXtalk_T3_R12,woXtalk,3,12,config_com_dj_200G_CAKR_178_PKGB_06_2_2025__Case3.xlsx,weaver_3dj_02_2311,HN_3in_DAC_Y_1p5m_HL_2in_thru_TP0_Tx7_to_TP5_Rx7.s4p,0,0,1.5972427282437034,0.3908421544779981,1.2064005737657053,11.031137905712724,-16.0,14.066696194769378,15.495254393610226,0.2628209956040995,0.0,0.2854580396531013,0.0045002148899928,1.019219382928303e-05,0,[1.0],"[42500000000.0, 106250000000.0, 42500000000.0]",[0.8500000000000001],"[29.0, 30.0, 31.0, 32.0, 50.0, 51.0, 52.0, 53.0]"
woXtalk_T3_R13,woXtalk,3,13,config_com_dj_200G_CAKR_178_PKGB_06_2_2025__Case3.xlsx,weaver_3dj_02_2311,HH_5in_DAC_Z_0p5m_HN_3in_thru_TP0_Tx7_to_TP5_Rx7.s4p,0,0,3.8561510598512543,2.23641012163351,1.6197409382177443,12.812157876190255,-13.0,15.756247911920845,8.910066001919486,1.9644630182297265,0.0,0.1439001504190029,0.0006144139590838,1.3780203941056521e-08,1,[1.0],"[42500000000.0, 106250000000.0, 42500000000.0]",[0.85],"[26.0, 27.0, 28.0, 29.0, 49.0, 50.0, 51.0, 52.0]"
woXtalk_T3_R14,woXtalk,3,14,config_com_dj_200G_CAKR_178_PKGB_06_2_2025__Case3.xlsx,weaver_3dj_02_2311,HH_5in_DAC_Z_1p0m_HL_2in_thru_TP0_Tx7_to_TP5_Rx7.s4p,0,0,2.3187750581828266,0.8958692491611688,1.4229058090216578,11.533308129538833,-8.0,14.836836133184113,12.604724167717286,0.7051577598224286,0.0,0.1403046720303075,0.002827279694995,1.7564397053617296e-06,0,[1.0],"[42500000000.0, 106250000000.0, 42500000000.0]",[0.85],"[28.0, 29.0, 30.0, 31.0, 49.0, 50.0, 51.0, 52.0]"
woXtalk_T3_R15,woXtalk,3,15,config_com_dj_200G_CAKR_178_PKGB_06_2_2025__Case3.xlsx,weaver_3dj_02_2311,HN_3in_DAC_Z_1p0m_HN_3in_thru_TP0_Tx7_to_TP5_Rx7.s4p,0,0,1.337683591984667,0.0785269102944625,1.2591566816902044,10.742915078730908,-3.0,13.962045656095832,16.909477797412265,0.0661649433707266,0.0,0.1890837574228176,0.0059502545224155,1.7559890020445936e-05,0,[1.0],"[42500000000.0, 106250000000.0, 42500000000.0]",[0.85],"[28.0, 29.0, 30.0, 31.0, 49.0, 50.0, 51.0, 52.0]"
woXtalk_T3_R16,woXtalk,3,16,config_com_dj_200G_CAKR_178_PKGB_06_2_2025__Case3.xlsx,weaver_3dj_02_2311,HN_3in_DAC_Z_1p5m_HL_2in_thru_TP0_Tx7_to_TP5_Rx7.s4p,0,0,-0.4550241301959847,-1.2591566816902056,0.8041325514942208,9.45143465706408,4.0,13.230870127907902,21.06869786616932,-1.0008608180354226,0.0,0.1886846232895789,0.0158264898745324,0.0004020204876453,0,[1.0],"[42500000000.0, 106250000000.0, 42500000000.0]",[0.85],"[28.0, 29.0, 30.0, 31.0, 50.0, 51.0, 52.0, 53.0]"
woXtalk_T3_R17,woXtalk,3,17,config_com_dj_200G_CAKR_178_PKGB_06_2_2025__Case3.xlsx,akinwale_3dj_01_2310,Tx_NPC_250mm_32AWG_BPK_100mm_27AWG_BPK_250mm_32AWG_NPC_Rx_thru1.s4p,0,0,4.87543308808973,3.401066081167276,1.4743670069224537,14.067041261430486,-19.0,11.630659581067992,7.340011360187284,4.528457732130973,0.0,0.1815129392873194,0.0001062261450167,1.5106780977071876e-10,1,[1.0],"[42500000000.0, 106250000000.0, 42500000000.0]",[0.7186437216758581],"[49.0, 50.0, 51.0, 52.0, 80.0, 81.0, 82.0, 83.0]"
woXtalk_T3_R18,woXtalk,3,18,config_com_dj_200G_CAKR_178_PKGB_06_2_2025__Case3.xlsx,akinwale_3dj_01_2310,Tx_NPC_250mm_32AWG_BPK_300mm_27AWG_BPK_250mm_32AWG_NPC_Rx_thru1.s4p,0,0,4.597258554459232,3.1228915475367787,1.4743670069224537,13.770297364735516,-20.0,11.750789051400773,7.723787782629764,3.67911483699524,0.0,0.1852500301147122,0.0001679722938819,5.878053842350833e-10,1,[1.0],"[42500000000.0, 106250000000.0, 42500000000.0]",[0.7505170438335986],"[49.0, 50.0, 51.0, 52.0, 80.0, 81.0, 82.0, 83.0]"
woXtalk_T3_R19,woXtalk,3,19,config_com_dj_200G_CAKR_178_PKGB_06_2_2025__Case3.xlsx,akinwale_3dj_01_2310,Tx_NPC_250mm_32AWG_BPK_500mm_27AWG_BPK_250mm_32AWG_NPC_Rx_thru1.s4p,0,0,4.276928946668001,2.8172340541093943,1.4596948925586062,13.440809763556016,-20.0,11.83859428225629,8.204538258927112,2.904711426378799,0.0,0.1850527051958354,0.000270756432743,2.4362186946013033e-09,1,[1.0],"[42500000000.0, 106250000000.0, 42500000000.0]",[0.7824204695397169],"[49.0, 50.0, 51.0, 52.0, 83.0, 84.0, 85.0, 86.0]"
woXtalk_T3_R20,woXtalk,3,20,config_com_dj_200G_CAKR_178_PKGB_06_2_2025__Case3.xlsx,akinwale_3dj_01_2310,Tx_NPC_250mm_32AWG_BPK_700mm_27AWG_BPK_250mm_32AWG_NPC_Rx_thru1.s4p,0,0,3.787149387024917,2.349509240902409,1.4376401461225072,12.992688693515236,-21.0,11.906745982525557,9.034919046647325,2.18469482307569,0.0,0.1821697300626364,0.0005267586230833,1.81472103491189e-08,1,[1.0],"[42500000000.0, 106250000000.0, 42500000000.0]",[0.8029825613346556],"[49.0, 50.0, 51.0, 52.0, 80.0, 81.0, 82.0, 83.0]"
woXtalk_T3_R21,woXtalk,3,21,config_com_dj_200G_CAKR_178_PKGB_06_2_2025__Case3.xlsx,akinwale_3dj_01_2310,Tx_NPC_250mm_32AWG_BPK_900mm_27AWG_BPK_250mm_32AWG_NPC_Rx_thru1.s4p,0,0,3.0948608537729165,1.7237229523256534,1.371137901447263,12.366770116842236,-21.0,11.95133307561376,10.46499557213081,1.4104373105232553,0.0,0.1864470843007039,0.0011592329474004,1.9767597614493114e-07,1,[1.0],"[42500000000.0, 106250000000.0, 42500000000.0]",[0.8245264763079504],"[49.0, 50.0, 51.0, 52.0, 80.0, 81.0, 82.0, 83.0]"
woXtalk_T3_R22,woXtalk,3,22,config_com_dj_200G_CAKR_178_PKGB_06_2_2025__Case3.xlsx,akinwale_3dj_01_2310,Tx_NPC_250mm_32AWG_BPK_1200mm_27AWG_BPK_250mm_32AWG_NPC_Rx_thru1.s4p,0,0,1.8385234813662548,0.639685720127161,1.1988377612390937,11.291173029084838,-21.0,12.003065745741557,14.389955464436747,0.4470454770716808,0.0,0.1951869897132101,0.0036081328917202,5.951987672652083e-06,0,[1.0],"[42500000000.0, 106250000000.0, 42500000000.0]",[0.8498747414713063],"[50.0, 51.0, 52.0, 53.0, 83.0, 84.0, 85.0, 86.0]"
woXtalk_T3_R23,woXtalk,3,23,config_com_dj_200G_CAKR_178_PKGB_06_2_2025__Case3.xlsx,akinwale_3dj_01_2310,Tx_NPC_250mm_32AWG_BPK_1400mm_27AWG_BPK_250mm_32AWG_NPC_Rx_thru1.s4p,0,0,0.793858005606603,-0.2059991327962499,0.999857138402853,10.456566174889366,-21.0,12.027313509232158,19.27266052490785,-0.1306442986859085,0.0,0.1973866386707928,0.0074004205630099,5.323516511217432e-05,0,[1.0],"[42500000000.0, 106250000000.0, 42500000000.0]",[0.85],"[50.0, 51.0, 52.0, 53.0, 83.0, 84.0, 85.0, 86.0]"
woXtalk_T3_R24,woXtalk,3,24,config_com_dj_200G_CAKR_178_PKGB_06_2_2025__Case3.xlsx,lim_3dj_07_2309,li_dj_CR_Design_C_Rev1_THRU.s4p,0,0,2.2833301221815376,0.9344732666539228,1.3488568555276148,11.531531965963955,-9.0,16.232681478737035,12.721581572347834,0.6874749753134667,0.0,0.1410837226929685,0.0027173403179239,1.9030715246610267e-06,0,[1.0],"[42500000000.0, 106250000000.0, 42500000000.0]",[0.8499999999999999],"[16.0, 17.0, 18.0, 19.0, 51.0, 52.0, 53.0, 54.0]"
woXtalk_T3_R25,woXtalk,3,25,config_com_dj_200G_CAKR_178_PKGB_06_2_2025__Case3.xlsx,lim_3dj_04_230629,li_dj_CR_Design_B_Rev1_THRU.s4p,0,0,2.388030907664776,1.0317406844279748,1.356290223236801,11.635182669944344,-12.0,15.836549466657567,12.382163825135224,0.7627414215255097,0.0,0.1952949400131934,0.0024614096400922,1.4954130051318949e-06,0,[1.0],"[42500000000.0, 106250000000.0, 42500000000.0]",[0.8499999999999999],"[22.0, 23.0, 24.0, 25.0, 49.0, 50.0, 51.0, 52.0]"
woXtalk_T3_R26,woXtalk,3,26,config_com_dj_200G_CAKR_178_PKGB_06_2_2025__Case3.xlsx,lim_3dj_03_230629,li_dj_CR_Design_A_Rev1_THRU.s4p,0,0,1.8478782368618651,0.6490404756227702,1.1988377612390952,11.263882696830615,-16.0,15.650321115721876,14.350384144794916,0.4442045531724836,0.0,0.2623953445625631,0.0035745274895169,5.80571277299654e-06,0,[1.0],"[42500000000.0, 106250000000.0, 42500000000.0]",[0.8425627127202239],"[20.0, 21.0, 22.0, 23.0, 37.0, 38.0, 39.0, 40.0]"
woXtalk_T4_R01,woXtalk,4,1,config_com_dj_200G_CAKR_178_PKGB_06_2_2025__Case4.xlsx,akinwale_3dj_02_2311,Tx_PCB_4dB_OSFP_22dB_OSFP_4dB_PCB_Rx_TP0_TP5_VendorX_thru1.s4p,0,0,-1.6014957138823325,-2.041810510236738,0.4403147963544056,8.61435074173015,-7.0,10.463367429754785,26.120247923658383,-1.172030636150373,0.0,0.2992198831865839,0.0245197293309789,0.0016740022507816,0,[1.0],"[42500000000.0, 106250000000.0, 42500000000.0]",[0.85],"[68.0, 69.0, 70.0, 71.0, 81.0, 82.0, 83.0, 84.0]"
woXtalk_T4_R02,woXtalk,4,2,config_com_dj_200G_CAKR_178_PKGB_06_2_2025__Case4.xlsx,akinwale_3dj_02_2311,Tx_PCB_4dB_OSFP_27dB_OSFP_4dB_PCB_Rx_TP0_TP5_VendorX_thru1.s4p,0,0,-4.03340359293163,-4.03340359293163,0.0,6.631553377867717,-4.0,10.495295547917436,313.07119549054045,-1.986221533284017,0.0,0.3171462053575813,0.059663576725487,nan,0,[1.0],"[42500000000.0, 106250000000.0, 42500000000.0]",[0.8499999999999999],"[68.0, 69.0, 70.0, 71.0, 81.0, 82.0, 83.0, 84.0]"
woXtalk_T4_R03,woXtalk,4,3,config_com_dj_200G_CAKR_178_PKGB_06_2_2025__Case4.xlsx,akinwale_3dj_02_2311,Tx_PCB_4dB_OSFP_22dB_OSFP_4dB_PCB_Rx_TP0_TP5_VendorY_thru1.s4p,0,0,-1.5009015372197243,-1.965950729893955,0.4650491926742306,8.67562357893473,-15.0,9.650803469195354,25.657795402789304,-1.140546014756472,0.0,0.4047469349029771,0.0234238560519965,0.0014869886911835,0,[1.0],"[42500000000.0, 106250000000.0, 42500000000.0]",[0.8499999999999999],"[20.0, 21.0, 22.0, 23.0, 64.0, 65.0, 66.0, 67.0]"
woXtalk_T4_R04,woXtalk,4,4,config_com_dj_200G_CAKR_178_PKGB_06_2_2025__Case4.xlsx,akinwale_3dj_02_2311,Tx_PCB_4dB_OSFP_27dB_OSFP_4dB_PCB_Rx_TP0_TP5_VendorY_thru1.s4p,0,0,-4.624292959252018,-4.624292959252018,0.0,5.9780187094710415,-12.0,9.6745823454132,313.07119549054045,-2.0680972256454706,0.0,0.4176532592860715,0.0732040907160387,nan,0,[1.0],"[42500000000.0, 106250000000.0, 42500000000.0]",[0.85],"[20.0, 21.0, 22.0, 23.0, 64.0, 65.0, 66.0, 67.0]"
woXtalk_T4_R05,woXtalk,4,5,config_com_dj_200G_CAKR_178_PKGB_06_2_2025__Case4.xlsx,weaver_3dj_02_2311,HH_5in_DAC_X_0p5m_HN_3in_thru_TP0_Tx7_to_TP5_Rx7.s4p,0,0,1.5443700078681744,0.3455322466290808,1.1988377612390937,10.977687538638634,-14.0,14.774742624150129,15.762005630509176,0.248263776867816,0.0,0.217801988448008,0.0046975397129682,1.161140278413924e-05,0,[1.0],"[42500000000.0, 106250000000.0, 42500000000.0]",[0.8499999999999999],"[22.0, 23.0, 24.0, 25.0, 68.0, 69.0, 70.0, 71.0]"
woXtalk_T4_R06,woXtalk,4,6,config_com_dj_200G_CAKR_178_PKGB_06_2_2025__Case4.xlsx,weaver_3dj_02_2311,HH_5in_DAC_X_1p0m_HL_2in_thru_TP0_Tx7_to_TP5_Rx7.s4p,0,0,-0.0628276854178385,-0.9064595757331624,0.8436318903153238,9.728517720276104,-11.0,13.798885244982174,20.671628455076984,-0.5489524028534183,0.0,0.2123964717298162,0.0123452232370233,0.0002247091646689,0,[1.0],"[42500000000.0, 106250000000.0, 42500000000.0]",[0.85],"[22.0, 23.0, 24.0, 25.0, 68.0, 69.0, 70.0, 71.0]"
woXtalk_T4_R07,woXtalk,4,7,config_com_dj_200G_CAKR_178_PKGB_06_2_2025__Case4.xlsx,weaver_3dj_02_2311,HN_3in_DAC_X_1p0m_HN_3in_thru_TP0_Tx7_to_TP5_Rx7.s4p,0,0,-1.0481283081773634,-1.6843737347847696,0.6362454266074062,9.00293589913674,-7.0,13.773400953924131,23.01997358099157,-1.0858282872697094,0.0,0.2639479003098188,0.0200948271728756,0.0008682958710079,0,[1.0],"[42500000000.0, 106250000000.0, 42500000000.0]",[0.85],"[23.0, 24.0, 25.0, 26.0, 31.0, 32.0, 33.0, 34.0]"
woXtalk_T4_R08,woXtalk,4,8,config_com_dj_200G_CAKR_178_PKGB_06_2_2025__Case4.xlsx,weaver_3dj_02_2311,HN_3in_DAC_X_1p5m_HL_2in_thru_TP0_Tx7_to_TP5_Rx7.s4p,0,0,-2.4114786241169965,-2.6259559319524577,0.2144773078354613,8.067146103488493,-4.0,12.826078008523794,32.25567713439472,-1.5372373066466762,0.0,0.2677168200907784,0.0329811242632952,0.0037666539797761,0,[1.0],"[42500000000.0, 106250000000.0, 42500000000.0]",[0.85],"[24.0, 25.0, 26.0, 27.0, 31.0, 32.0, 33.0, 34.0]"
woXtalk_T4_R09,woXtalk,4,9,config_com_dj_200G_CAKR_178_PKGB_06_2_2025__Case4.xlsx,weaver_3dj_02_2311,HH_5in_DAC_Y_0p5m_HN_3in_thru_TP0_Tx7_to_TP5_Rx7.s4p,0,0,1.7832743005717675,0.546688154677787,1.2365861458939806,11.193217255151238,-17.0,14.70364353980927,14.628310678910143,0.4023827910981936,0.0,0.2872563362890631,0.0039256447586051,6.714116813860021e-06,0,[1.0],"[42500000000.0, 106250000000.0, 42500000000.0]",[0.85],"[29.0, 30.0, 31.0, 32.0, 68.0, 69.0, 70.0, 71.0]"
woXtalk_T4_R10,woXtalk,4,10,config_com_dj_200G_CAKR_178_PKGB_06_2_2025__Case4.xlsx,weaver_3dj_02_2311,HH_5in_DAC_Y_1p0m_HL_2in_thru_TP0_Tx7_to_TP5_Rx7.s4p,0,0,-0.1723136511221656,-0.9843604534036284,0.8120468022814629,9.66760931827698,-16.0,13.87578983664477,20.987525288431584,-0.5918885354212027,0.0,0.2846635786002206,0.0129911757731266,0.000266113730374,0,[1.0],"[42500000000.0, 106250000000.0, 42500000000.0]",[0.85],"[29.0, 30.0, 31.0, 32.0, 68.0, 69.0, 70.0, 71.0]"
woXtalk_T4_R11,woXtalk,4,11,config_com_dj_200G_CAKR_178_PKGB_06_2_2025__Case4.xlsx,weaver_3dj_02_2311,HN_3in_DAC_Y_1p0m_HN_3in_thru_TP0_Tx7_to_TP5_Rx7.s4p,0,0,0.5771348004494876,-0.4072256529541455,0.9843604534036332,10.2282364705568,-16.0,14.374786258899745,19.400735532451108,-0.2586163854050071,0.0,0.2831863102801123,0.0086178631129172,7.6952538022822e-05,0,[1.0],"[42500000000.0, 106250000000.0, 42500000000.0]",[0.85],"[29.0, 30.0, 31.0, 32.0, 68.0, 69.0, 70.0, 71.0]"
woXtalk_T4_R12,woXtalk,4,12,config_com_dj_200G_CAKR_178_PKGB_06_2_2025__Case4.xlsx,weaver_3dj_02_2311,HN_3in_DAC_Y_1p5m_HL_2in_thru_TP0_Tx7_to_TP5_Rx7.s4p,0,0,-1.6125572472354637,-2.028067011106622,0.4155097638711585,8.615617136570279,-15.0,14.066696194769378,26.61158816330084,-1.072700786875761,0.0,0.2854580396531013,0.0242547434935335,0.0016880413819111,0,[1.0],"[42500000000.0, 106250000000.0, 42500000000.0]",[0.85],"[29.0, 30.0, 31.0, 32.0, 68.0, 69.0, 70.0, 71.0]"
woXtalk_T4_R13,woXtalk,4,13,config_com_dj_200G_CAKR_178_PKGB_06_2_2025__Case4.xlsx,weaver_3dj_02_2311,HH_5in_DAC_Z_0p5m_HN_3in_thru_TP0_Tx7_to_TP5_Rx7.s4p,0,0,1.3503122050284495,0.1666198524010254,1.1836923526274243,10.789472980051343,-12.0,15.756247911920845,16.834013468349315,0.1116382063546623,0.0,0.1439001504190029,0.0054790607209049,1.7238067555222707e-05,0,[1.0],"[42500000000.0, 106250000000.0, 42500000000.0]",[0.8500000000000001],"[27.0, 28.0, 29.0, 30.0, 68.0, 69.0, 70.0, 71.0]"
woXtalk_T4_R14,woXtalk,4,14,config_com_dj_200G_CAKR_178_PKGB_06_2_2025__Case4.xlsx,weaver_3dj_02_2311,HH_5in_DAC_Z_1p0m_HL_2in_thru_TP0_Tx7_to_TP5_Rx7.s4p,0,0,-0.5406298257258917,-1.289159784538363,0.7485299588124716,9.359614103263052,-7.0,14.836836133184113,21.663679770025965,-0.7694178386840672,0.0,0.1403046720303075,0.0158838425154473,0.0004462068363736,0,[1.0],"[42500000000.0, 106250000000.0, 42500000000.0]",[0.85],"[26.0, 27.0, 28.0, 29.0, 68.0, 69.0, 70.0, 71.0]"
woXtalk_T4_R15,woXtalk,4,15,config_com_dj_200G_CAKR_178_PKGB_06_2_2025__Case4.xlsx,weaver_3dj_02_2311,HN_3in_DAC_Z_1p0m_HN_3in_thru_TP0_Tx7_to_TP5_Rx7.s4p,0,0,-1.3667752063103855,-1.9382002601611383,0.5714250538507527,8.762311759742577,-4.0,13.962045656095832,23.92124679972602,-1.2486917938398625,0.0,0.1890837574228176,0.0232935740463048,0.0012894402150122,0,[1.0],"[42500000000.0, 106250000000.0, 42500000000.0]",[0.85],"[28.0, 29.0, 30.0, 31.0, 69.0, 70.0, 71.0, 72.0]"
woXtalk_T4_R16,woXtalk,4,16,config_com_dj_200G_CAKR_178_PKGB_06_2_2025__Case4.xlsx,weaver_3dj_02_2311,HN_3in_DAC_Z_1p5m_HL_2in_thru_TP0_Tx7_to_TP5_Rx7.s4p,0,0,-3.31082153444745,-3.31082153444745,0.0,7.417288286778051,2.0,13.230870127907902,313.07119549054045,-2.0265553814083503,0.0,0.1886846232895789,0.0451991962471174,0.0081985307290208,0,[1.0],"[42500000000.0, 106250000000.0, 42500000000.0]",[0.85],"[28.0, 29.0, 30.0, 31.0, 70.0, 71.0, 72.0, 73.0]"
woXtalk_T4_R17,woXtalk,4,17,config_com_dj_200G_CAKR_178_PKGB_06_2_2025__Case4.xlsx,akinwale_3dj_01_2310,Tx_NPC_250mm_32AWG_BPK_100mm_27AWG_BPK_250mm_32AWG_NPC_Rx_thru1.s4p,0,0,3.6852941394077927,2.2476539932852853,1.4376401461225072,12.84684339667059,-21.0,11.630659581067992,9.224436884324897,2.1434492311804987,0.0,0.1815129392873194,0.0006060929450053,2.5313167029291528e-08,1,[1.0],"[42500000000.0, 106250000000.0, 42500000000.0]",[0.8178684745194055],"[76.0, 77.0, 78.0, 79.0, 83.0, 84.0, 85.0, 86.0]"
woXtalk_T4_R18,woXtalk,4,18,config_com_dj_200G_CAKR_178_PKGB_06_2_2025__Case4.xlsx,akinwale_3dj_01_2310,Tx_NPC_250mm_32AWG_BPK_300mm_27AWG_BPK_250mm_32AWG_NPC_Rx_thru1.s4p,0,0,3.060007999699131,1.6814557660576943,1.3785522336414364,12.323826393765655,-22.0,11.750789051400773,10.546967354709798,1.4726510511794515,0.0,0.1852500301147122,0.0012228220863394,2.2134471401242282e-07,1,[1.0],"[42500000000.0, 106250000000.0, 42500000000.0]",[0.8260073544976518],"[71.0, 72.0, 73.0, 74.0, 80.0, 81.0, 82.0, 83.0]"
woXtalk_T4_R19,woXtalk,4,19,config_com_dj_200G_CAKR_178_PKGB_06_2_2025__Case4.xlsx,akinwale_3dj_01_2310,Tx_NPC_250mm_32AWG_BPK_500mm_27AWG_BPK_250mm_32AWG_NPC_Rx_thru1.s4p,0,0,2.389641616297405,1.100481831759038,1.289159784538367,11.742702694378693,-22.0,11.83859428225629,12.377075719066438,0.8471898574739573,0.0,0.1850527051958354,0.0022931869708807,1.4854954860282678e-06,0,[1.0],"[42500000000.0, 106250000000.0, 42500000000.0]",[0.8478748544629129],"[75.0, 76.0, 77.0, 78.0, 83.0, 84.0, 85.0, 86.0]"
woXtalk_T4_R20,woXtalk,4,20,config_com_dj_200G_CAKR_178_PKGB_06_2_2025__Case4.xlsx,akinwale_3dj_01_2310,Tx_NPC_250mm_32AWG_BPK_700mm_27AWG_BPK_250mm_32AWG_NPC_Rx_thru1.s4p,0,0,1.4760067282110862,0.3455322466290789,1.1304744815820074,11.004948154908568,-21.0,11.906745982525557,16.1220744354042,0.239727509069137,0.0,0.1821697300626364,0.004674999739974,1.345597188181426e-05,0,[1.0],"[42500000000.0, 106250000000.0, 42500000000.0]",[0.85],"[75.0, 76.0, 77.0, 78.0, 83.0, 84.0, 85.0, 86.0]"
woXtalk_T4_R21,woXtalk,4,21,config_com_dj_200G_CAKR_178_PKGB_06_2_2025__Case4.xlsx,akinwale_3dj_01_2310,Tx_NPC_250mm_32AWG_BPK_900mm_27AWG_BPK_250mm_32AWG_NPC_Rx_thru1.s4p,0,0,0.3836158883514063,-0.5306652904659458,0.9142811788173522,10.15130643192358,-22.0,11.95133307561376,20.00782160308421,-0.3475925477404717,0.0,0.1864470843007039,0.0094537857947604,0.000109769550345,0,[1.0],"[42500000000.0, 106250000000.0, 42500000000.0]",[0.85],"[75.0, 76.0, 77.0, 78.0, 83.0, 84.0, 85.0, 86.0]"
woXtalk_T4_R22,woXtalk,4,22,config_com_dj_200G_CAKR_178_PKGB_06_2_2025__Case4.xlsx,akinwale_3dj_01_2310,Tx_NPC_250mm_32AWG_BPK_1200mm_27AWG_BPK_250mm_32AWG_NPC_Rx_thru1.s4p,0,0,-1.4395953895654412,-1.896407607095996,0.4568122175305547,8.784752838443247,-21.0,12.003065745741557,25.808937021071188,-1.0831220557109174,0.0,0.1951869897132101,0.0225689382523713,0.0013804253950868,0,[1.0],"[42500000000.0, 106250000000.0, 42500000000.0]",[0.85],"[75.0, 76.0, 77.0, 78.0, 83.0, 84.0, 85.0, 86.0]"
woXtalk_T4_R23,woXtalk,4,23,config_com_dj_200G_CAKR_178_PKGB_06_2_2025__Case4.xlsx,akinwale_3dj_01_2310,Tx_NPC_250mm_32AWG_BPK_1400mm_27AWG_BPK_250mm_32AWG_NPC_Rx_thru1.s4p,0,0,-2.849188169216385,-2.8665425998409235,0.0173544306245382,7.843974068120695,-22.0,12.027313509232158,53.99675451734396,-1.5643412083835773,0.0,0.1973866386707928,0.0367189648733101,0.0055114797740485,0,[1.0],"[42500000000.0, 106250000000.0, 42500000000.0]",[0.85],"[75.0, 76.0, 77.0, 78.0, 83.0, 84.0, 85.0, 86.0]"
woXtalk_T4_R24,woXtalk,4,24,config_com_dj_200G_CAKR_178_PKGB_06_2_2025__Case4.xlsx,lim_3dj_07_2309,li_dj_CR_Design_C_Rev1_THRU.s4p,0,0,-0.641973291829742,-1.3265185072407553,0.6845452154110132,9.288120133172754,-7.0,16.232681478737035,22.40826816773665,-0.7487285814915942,0.0,0.1410837226929685,0.0162018133460028,0.0005159399549914,0,[1.0],"[42500000000.0, 106250000000.0, 42500000000.0]",[0.85],"[18.0, 19.0, 20.0, 21.0, 69.0, 70.0, 71.0, 72.0]"
woXtalk_T4_R25,woXtalk,4,25,config_com_dj_200G_CAKR_178_PKGB_06_2_2025__Case4.xlsx,lim_3dj_04_230629,li_dj_CR_Design_B_Rev1_THRU.s4p,0,0,-0.4279628940246274,-1.1685204891401262,0.7405575951154988,9.448469371320236,-11.0,15.836549466657567,21.752757462217232,-0.6670240693917038,0.0,0.1952949400131934,0.0146475819198922,0.0003808862730666,0,[1.0],"[42500000000.0, 106250000000.0, 42500000000.0]",[0.85],"[22.0, 23.0, 24.0, 25.0, 38.0, 39.0, 40.0, 41.0]"
woXtalk_T4_R26,woXtalk,4,26,config_com_dj_200G_CAKR_178_PKGB_06_2_2025__Case4.xlsx,lim_3dj_03_230629,li_dj_CR_Design_A_Rev1_THRU.s4p,0,0,-1.1250421158630777,-1.655707406329012,0.5306652904659347,8.976138359940812,-16.0,15.650321115721876,24.543854301394333,-0.897418396756851,0.0,0.2623953445625631,0.0196351317942461,0.0009574231193054,0,[1.0],"[42500000000.0, 106250000000.0, 42500000000.0]",[0.85],"[20.0, 21.0, 22.0, 23.0, 37.0, 38.0, 39.0, 40.0]"
