case_id,condition,package_case,sweep_row,config_workbook,thru,n_fext,n_next,COM_dB,FOM,itick,ERL,VEC_dB,VEO_mV,ICN_mV,DER_thresh,DER_MLSE,DER_DFE,CTLE_DC_gain_dB,TXLE_taps,DFE_taps,d_COM_dB_sicopr_minus_octave,d_FOM_sicopr_minus_octave,d_itick_sicopr_minus_octave,d_ERL_sicopr_minus_octave,d_VEC_dB_sicopr_minus_octave,d_VEO_mV_sicopr_minus_octave,d_ICN_mV_sicopr_minus_octave,d_DER_thresh_sicopr_minus_octave,d_DER_MLSE_sicopr_minus_octave,d_DER_DFE_sicopr_minus_octave,d_CTLE_DC_gain_dB_sicopr_minus_octave,d_TXLE_taps_sicopr_minus_octave,d_DFE_taps_sicopr_minus_octave
wXtalk_T1_R01,wXtalk,1,1,config_com_dj_200G_CAKR_178_PKGA_06_2_2025__Case1_sweep_TxFFE.xlsx,Tx_PCB_4dB_OSFP_22dB_OSFP_4dB_PCB_Rx_TP0_TP5_VendorX_thru1.s4p,3,2,2.895898684873241,12.094255868167135,-6.0,10.463367429754785,10.948376227366577,1.7305214778931457,1.0173928373572103,0.0014655728506632695,3.526101421703631e-07,1.2113027375246776e-05,-20.0,0 0 1 0,0.8420108271,-9.769962616701378e-15,3.446132268436486e-13,0.0,0.0,2.6645352591003757e-14,4.076738946423575e-13,-2.220446049250313e-15,5.18031798013574e-16,3.0948466310304e-19,2.2893432151579217e-07,0.0,0.0,2.241540286718191e-13
wXtalk_T1_R02,wXtalk,1,2,config_com_dj_200G_CAKR_178_PKGA_06_2_2025__Case1_sweep_TxFFE.xlsx,Tx_PCB_4dB_OSFP_27dB_OSFP_4dB_PCB_Rx_TP0_TP5_VendorX_thru1.s4p,3,2,0.5314620542956769,10.276593033402435,-1.0,10.495295547917436,19.93773529151713,-0.37110037280888886,0.9533043423995664,0.008641634396545184,8.478166068253486e-05,0.0003678624534297476,-20.0,0 0 1 0,0.85,1.5543122344752192e-15,1.1546319456101628e-13,0.0,0.0,-5.684341886080802e-14,1.0436096431476471e-14,-1.9984014443252818e-15,2.0643209364124004e-16,1.15914428709698e-06,4.554639456977262e-06,0.0,0.0,0.0
wXtalk_T1_R03,wXtalk,1,3,config_com_dj_200G_CAKR_178_PKGA_06_2_2025__Case1_sweep_TxFFE.xlsx,Tx_PCB_4dB_OSFP_22dB_OSFP_4dB_PCB_Rx_TP0_TP5_VendorY_thru1.s4p,3,2,3.432966200119245,12.680724221030975,-15.0,9.650803469195354,9.722917607395019,2.4726468733135016,1.4239474354657684,0.0007466359298841798,6.119672254952354e-08,3.1127867051763303e-06,-17.0,0 0 1 0,0.8197584066,-5.773159728050814e-15,1.971756091734278e-13,0.0,0.0,1.0658141036401503e-14,-3.779199175824033e-13,-8.881784197001252e-16,-2.9717981547827677e-16,1.5442711889683728e-09,-2.3077412647943413e-18,0.0,0.0,1.0391687510491465e-13
wXtalk_T1_R04,wXtalk,1,4,config_com_dj_200G_CAKR_178_PKGA_06_2_2025__Case1_sweep_TxFFE.xlsx,Tx_PCB_4dB_OSFP_27dB_OSFP_4dB_PCB_Rx_TP0_TP5_VendorY_thru1.s4p,3,2,-0.37839259329214503,9.648324987157208,-12.0,9.6745823454132,22.81048316320482,-0.884275031613078,1.320352026967214,0.013454572360766996,0.00035310841292035056,0.0008563236858061456,-18.0,0 0 1 0,0.85,1.554312234475219e-14,-3.4283687000424834e-13,0.0,0.0,5.684341886080802e-14,-4.3298697960381105e-15,-1.3322676295501878e-15,1.745131816832668e-15,-4.119332529480533e-06,2.1684043449710089e-16,0.0,0.0,0.0
wXtalk_T1_R05,wXtalk,1,5,config_com_dj_200G_CAKR_178_PKGA_06_2_2025__Case1_sweep_TxFFE.xlsx,HH_5in_DAC_X_0p5m_HN_3in_thru_TP0_Tx7_to_TP5_Rx7.s4p,3,2,5.027838163476281,14.169880433235933,-12.0,14.774742624150129,7.141650795301159,5.798254612078793,0.8463395679712062,7.739011339828161e-05,6.6852974991586e-11,3.247066102414679e-08,-17.0,0 0 1 0,0.7173421669,-1.3322676295501878e-14,1.2594369991347776e-12,0.0,0.0,1.7763568394002505e-14,3.4372504842394846e-13,-2.220446049250313e-16,2.5953089503871762e-17,6.024201304858847e-23,2.124199813036175e-20,0.0,0.0,4.6851411639181606e-14
wXtalk_T1_R06,wXtalk,1,6,config_com_dj_200G_CAKR_178_PKGA_06_2_2025__Case1_sweep_TxFFE.xlsx,HH_5in_DAC_X_1p0m_HL_2in_thru_TP0_Tx7_to_TP5_Rx7.s4p,3,2,4.495172125542354,13.473154090702323,-11.0,13.798885244982174,7.872229128177617,3.686150898977947,0.8491432915124012,0.00022989344344180436,9.266138408105977e-10,2.992950419811414e-07,-18.0,0 0 1 0,0.8104690939,0.0,1.1723955140041653e-13,0.0,0.0,-8.881784197001252e-16,-4.214406601477094e-13,-4.440892098500626e-16,-6.448292420857538e-17,-7.257475899387127e-22,-8.05624522122533e-09,0.0,0.0,7.205347429817266e-14
wXtalk_T1_R07,wXtalk,1,7,config_com_dj_200G_CAKR_178_PKGA_06_2_2025__Case1_sweep_TxFFE.xlsx,HN_3in_DAC_X_1p0m_HN_3in_thru_TP0_Tx7_to_TP5_Rx7.s4p,3,2,3.287203467210496,12.443167589419737,-8.0,13.773400953924133,10.031582335082145,2.432551874193131,1.0800959317287349,0.0010663722081806393,9.550003827519785e-08,6.201265664024425e-06,-17.0,0 -0.04 0.96 0,0.8067003431,5.1514348342607263e-14,-5.613287612504791e-13,0.0,0.0,-1.1368683772161603e-13,-5.1958437552457326e-14,-2.220446049250313e-16,-2.3050138187041824e-16,-5.152342599470299e-20,-1.2830951648691637e-07,0.0,0.0,1.6542323066914832e-14
wXtalk_T1_R08,wXtalk,1,8,config_com_dj_200G_CAKR_178_PKGA_06_2_2025__Case1_sweep_TxFFE.xlsx,HN_3in_DAC_X_1p5m_HL_2in_thru_TP0_Tx7_to_TP5_Rx7.s4p,3,2,2.7424238210344605,11.87533277425721,-6.0,12.826078008523794,11.348758426784798,1.4244082662847342,0.9962781277870938,0.0020528454512932963,5.382160024079335e-07,2.27933163446047e-05,-18.0,0 -0.04 0.96 0,0.85,-6.217248937900877e-15,-1.1510792319313623e-12,0.0,0.0,1.5987211554602254e-14,-4.5075054799781356e-14,-8.881784197001252e-16,-1.734723475976807e-16,-1.3616054627112878e-19,-4.0978191042566423e-07,0.0,0.0,0.0
wXtalk_T1_R09,wXtalk,1,9,config_com_dj_200G_CAKR_178_PKGA_06_2_2025__Case1_sweep_TxFFE.xlsx,HH_5in_DAC_Y_0p5m_HN_3in_thru_TP0_Tx7_to_TP5_Rx7.s4p,3,2,5.098079809185983,14.263465184878974,-15.0,14.70364353980927,7.052872031676186,5.936573772616901,1.7671760731573114,6.475182693352237e-05,3.918214038028961e-11,2.2083289143330405e-08,-18.0,0 0 1 0,0.7085506731,7.993605777301127e-15,-1.438849039914203e-13,0.0,0.0,-1.1546319456101628e-14,-1.84297022087776e-12,1.1102230246251565e-15,-1.6263032587282567e-19,7.308916193730268e-24,1.5451733842490557e-21,0.0,0.0,2.703393064962256e-13
wXtalk_T1_R10,wXtalk,1,10,config_com_dj_200G_CAKR_178_PKGA_06_2_2025__Case1_sweep_TxFFE.xlsx,HH_5in_DAC_Y_1p0m_HL_2in_thru_TP0_Tx7_to_TP5_Rx7.s4p,3,2,4.610450737025397,13.762709810149191,-16.0,13.87578983664477,7.704914760876658,4.039724491743032,1.3917306515351127,0.00015738656160113295,5.173200719069756e-10,1.3523317474092775e-07,-16.0,0 0 1 0,0.7617268138,-8.881784197001252e-15,-7.602807272633072e-13,0.0,0.0,1.2434497875801753e-14,5.728750807065808e-13,8.881784197001252e-16,2.225324959026498e-17,1.725157950889028e-11,3.7772375491621456e-20,0.0,0.0,1.0880185641326534e-13
wXtalk_T1_R11,wXtalk,1,11,config_com_dj_200G_CAKR_178_PKGA_06_2_2025__Case1_sweep_TxFFE.xlsx,HN_3in_DAC_Y_1p0m_HN_3in_thru_TP0_Tx7_to_TP5_Rx7.s4p,3,2,4.573567923057991,13.789935237417254,-15.0,14.374786258899743,7.757855804678485,4.5622539775116575,1.5037373294138945,0.0001546471096303941,5.046029972989364e-10,1.2843275213776083e-07,-16.0,0 0 1 0,0.7307428165,-2.398081733190338e-14,6.007638830851647e-12,0.0,0.0,3.730349362740526e-14,-1.887379141862766e-12,1.3322676295501878e-15,1.142206988713479e-16,1.1349951979993231e-21,3.630850716255057e-09,0.0,0.0,3.0386804183990535e-13
wXtalk_T1_R12,wXtalk,1,12,config_com_dj_200G_CAKR_178_PKGA_06_2_2025__Case1_sweep_TxFFE.xlsx,HN_3in_DAC_Y_1p5m_HL_2in_thru_TP0_Tx7_to_TP5_Rx7.s4p,3,2,4.067715136285214,13.244274567917815,-16.0,14.066696194769378,8.543904143922884,2.838544016275736,1.1985235602352007,0.00036470940369927465,5.60002249616066e-09,7.487003627669315e-07,-18.0,0 0 1 0,0.7903398661,2.1316282072803006e-14,1.241673430740775e-12,0.0,0.0,-3.375077994860476e-14,-6.088463067044358e-13,-1.1102230246251565e-15,1.3904892862126594e-16,1.6240921763813e-10,5.793705359219414e-19,0.0,0.0,1.5898393712632242e-13
wXtalk_T1_R13,wXtalk,1,13,config_com_dj_200G_CAKR_178_PKGA_06_2_2025__Case1_sweep_TxFFE.xlsx,HH_5in_DAC_Z_0p5m_HN_3in_thru_TP0_Tx7_to_TP5_Rx7.s4p,3,2,5.948755916930957,14.82414687540638,-11.0,15.756247911920845,6.093043115848739,6.169888705952569,0.9078118411839655,1.7625355802656318e-05,2.612976240470149e-13,1.5289263486573644e-09,-17.0,0 0 1 0,0.7550196114,-2.6645352591003757e-14,-4.884981308350689e-13,0.0,0.0,2.6645352591003757e-14,6.519229600598919e-13,1.1102230246251565e-15,1.0052587018014036e-17,1.2048639383751682e-14,5.708231382557687e-11,0.0,0.0,9.658940314238862e-14
wXtalk_T1_R14,wXtalk,1,14,config_com_dj_200G_CAKR_178_PKGA_06_2_2025__Case1_sweep_TxFFE.xlsx,HH_5in_DAC_Z_1p0m_HL_2in_thru_TP0_Tx7_to_TP5_Rx7.s4p,3,2,5.275444980746537,13.969846159666993,-8.0,14.836836133184113,6.835731178374488,4.08027686957943,0.7675152711307884,9.19279490014121e-05,1.688838325210461e-11,4.4782373511142416e-08,-19.0,0 0 1 0,0.8456925789,2.4868995751603507e-14,0.0,0.0,0.0,-2.6645352591003757e-14,1.163513729807164e-13,1.4432899320127035e-15,8.700722434196173e-18,4.061586054606077e-24,-1.395600730000489e-09,0.0,0.0,1.5210055437364645e-14
wXtalk_T1_R15,wXtalk,1,15,config_com_dj_200G_CAKR_178_PKGA_06_2_2025__Case1_sweep_TxFFE.xlsx,HN_3in_DAC_Z_1p0m_HN_3in_thru_TP0_Tx7_to_TP5_Rx7.s4p,3,2,3.557672898682962,12.52824863235672,-3.0,13.962045656095833,9.471170472987176,2.477047717606387,1.5017882538446907,0.00097560014678778,3.5300020750099435e-08,5.188995464573184e-06,-20.0,0 -0.02 0.98 0,0.85,1.687538997430238e-14,-1.3393730569077889e-12,0.0,0.0,-3.907985046680551e-14,-7.460698725481052e-14,-8.881784197001252e-16,-9.812029660993815e-17,-1.0343066379363058e-20,-1.0299920638612292e-18,0.0,0.0,1.1102230246251565e-16
wXtalk_T1_R16,wXtalk,1,16,config_com_dj_200G_CAKR_178_PKGA_06_2_2025__Case1_sweep_TxFFE.xlsx,HN_3in_DAC_Z_1p5m_HL_2in_thru_TP0_Tx7_to_TP5_Rx7.s4p,3,2,2.4915092448013008,11.69104218334004,0.0,13.230870127907902,12.063032824157988,1.0216513406685317,1.3048469458085488,0.0027105327239828284,1.05433233748781e-06,3.861008115771483e-05,-20.0,0 -0.1 0.9 0,0.85,-7.105427357601002e-15,7.887024366937112e-13,0.0,0.0,2.1316282072803006e-14,-3.1308289294429414e-14,8.881784197001252e-16,2.6454533008646308e-17,2.329340604949326e-21,2.168404344971009e-19,0.0,0.0,0.0
wXtalk_T1_R17,wXtalk,1,17,config_com_dj_200G_CAKR_178_PKGA_06_2_2025__Case1_sweep_TxFFE.xlsx,Tx_NPC_250mm_32AWG_BPK_100mm_27AWG_BPK_250mm_32AWG_NPC_Rx_thru1.s4p,3,4,6.03770373824463,15.305894670060079,-21.0,11.630659581067992,6.003529702142299,10.779548695519752,1.5237525851314997,8.719624896716335e-06,1.926966913267041e-13,4.1665693120739554e-10,-15.0,0 0 1 0,0.6476359665,8.881784197001252e-16,1.085354028873553e-12,0.0,0.0,-8.881784197001252e-16,-7.359446385635238e-12,-4.440892098500626e-16,-1.8189185509338845e-17,-1.1704423914072779e-24,-1.7871237134208163e-21,0.0,0.0,2.1593837828959295e-13
wXtalk_T1_R18,wXtalk,1,18,config_com_dj_200G_CAKR_178_PKGA_06_2_2025__Case1_sweep_TxFFE.xlsx,Tx_NPC_250mm_32AWG_BPK_300mm_27AWG_BPK_250mm_32AWG_NPC_Rx_thru1.s4p,3,4,5.831980895670037,15.087790708100817,-21.0,11.750789051400773,6.21340599238887,9.013603308536076,1.3983825000346228,1.4304856364636209e-05,7.637504767734912e-13,1.1282830280337663e-09,-15.0,0 0 1 0,0.6793282909,-8.881784197001252e-16,1.035616037370346e-12,0.0,0.0,-8.881784197001252e-16,2.035704937952687e-12,-1.1102230246251565e-15,1.3423778148086152e-17,2.0126176720467465e-24,2.127301740333249e-21,0.0,0.0,6.38378239159465e-14
wXtalk_T1_R19,wXtalk,1,19,config_com_dj_200G_CAKR_178_PKGA_06_2_2025__Case1_sweep_TxFFE.xlsx,Tx_NPC_250mm_32AWG_BPK_500mm_27AWG_BPK_250mm_32AWG_NPC_Rx_thru1.s4p,3,4,5.588376933026076,14.83607502137639,-22.0,11.83859428225629,6.4754624560508205,7.351722392684317,1.2967537077243296,2.4839182882291105e-05,3.5345159074908566e-12,3.526354544225689e-09,-16.0,0 0 1 0,0.7225453559,1.7763568394002505e-15,-1.6253665080512292e-12,0.0,0.0,-1.7763568394002505e-15,3.4638958368304884e-13,-2.220446049250313e-16,2.8866882842426556e-18,8.392975160572224e-25,1.240129562721007e-10,0.0,0.0,2.919886554764162e-14
wXtalk_T1_R20,wXtalk,1,20,config_com_dj_200G_CAKR_178_PKGA_06_2_2025__Case1_sweep_TxFFE.xlsx,Tx_NPC_250mm_32AWG_BPK_700mm_27AWG_BPK_250mm_32AWG_NPC_Rx_thru1.s4p,3,4,5.155863396147716,14.42631375318848,-22.0,11.906745982525555,6.981042449080322,5.634161718339882,1.2140862104630192,5.7428853273234316e-05,4.1064980942823225e-11,1.9433672188673246e-08,-17.0,0 0 1 0,0.7579459997,-1.5987211554602254e-14,-1.6289192217300297e-12,0.0,0.0,1.865174681370263e-14,-1.9539925233402755e-12,2.220446049250313e-16,-4.691207275073217e-17,1.5428010840039168e-12,6.156261188133713e-10,0.0,0.0,2.3081536681957004e-13
wXtalk_T1_R21,wXtalk,1,21,config_com_dj_200G_CAKR_178_PKGA_06_2_2025__Case1_sweep_TxFFE.xlsx,Tx_NPC_250mm_32AWG_BPK_900mm_27AWG_BPK_250mm_32AWG_NPC_Rx_thru1.s4p,3,4,4.606753463294751,13.881482776042759,-21.0,11.95133307561376,7.710197136670265,4.20204371377293,1.1464544285973735,0.00014055114034949094,5.813541083622966e-10,1.1552734959330774e-07,-18.0,0 0 1 0,0.7883462598,-3.552713678800501e-15,-1.4370726830748026e-12,0.0,0.0,7.105427357601002e-15,4.076738946423575e-13,2.220446049250313e-16,2.6373217845709895e-17,-1.981127860347632e-11,-3.3272749916591133e-09,0.0,0.0,6.494804694057166e-14
wXtalk_T1_R22,wXtalk,1,22,config_com_dj_200G_CAKR_178_PKGA_06_2_2025__Case1_sweep_TxFFE.xlsx,Tx_NPC_250mm_32AWG_BPK_1200mm_27AWG_BPK_250mm_32AWG_NPC_Rx_thru1.s4p,3,4,3.5631419232432924,12.921375524480297,-20.0,12.003065745741555,9.46037657874195,2.381915927721535,1.0694818281685954,0.0005797754359488327,3.949718151807558e-08,1.9825994791115612e-06,-19.0,0 0 1 0,0.823009697,-1.7763568394002505e-15,9.414691248821327e-13,0.0,0.0,7.105427357601002e-15,-4.18332035678759e-13,4.440892098500626e-16,-2.203098814490545e-16,-1.0529594131066767e-09,-1.4255564502289875e-18,0.0,0.0,1.2367884494324244e-13
wXtalk_T1_R23,wXtalk,1,23,config_com_dj_200G_CAKR_178_PKGA_06_2_2025__Case1_sweep_TxFFE.xlsx,Tx_NPC_250mm_32AWG_BPK_1400mm_27AWG_BPK_250mm_32AWG_NPC_Rx_thru1.s4p,3,4,2.769831258291891,12.186519336779703,-19.0,12.027313509232158,11.275363845607973,1.4103265863488064,1.030615004307739,0.00140942850801475,5.144002263501309e-07,1.1295773518448908e-05,-20.0,0 0 1 0,0.8466151538,-1.2434497875801753e-14,2.915001573455811e-12,0.0,0.0,3.375077994860476e-14,-1.3167245072054357e-13,-4.440892098500626e-16,3.7947076036992655e-17,1.1208747761978624e-08,2.1473284091534567e-07,0.0,0.0,5.029310301551959e-14
wXtalk_T1_R24,wXtalk,1,24,config_com_dj_200G_CAKR_178_PKGA_06_2_2025__Case1_sweep_TxFFE.xlsx,li_dj_CR_Design_C_Rev1_THRU.s4p,2,1,5.146876181661257,13.911014705295004,-9.0,16.232681478737035,6.99214406683477,3.909769599039775,0.8731272731456239,0.0001007747084821155,3.2843243599120867e-11,5.45643208226255e-08,-19.0,0 0 1 0,0.8373067211,1.9539925233402755e-14,-2.611244553918368e-13,0.0,0.0,-2.398081733190338e-14,-6.572520305780927e-14,1.3322676295501878e-15,-4.689174395999807e-18,-1.2567171569954316e-12,-1.6744523976294502e-09,0.0,0.0,4.884981308350689e-15
wXtalk_T1_R25,wXtalk,1,25,config_com_dj_200G_CAKR_178_PKGA_06_2_2025__Case1_sweep_TxFFE.xlsx,li_dj_CR_Design_B_Rev1_THRU.s4p,2,1,4.481028626769486,13.520765564870185,-10.0,15.836549466657567,7.893135848322514,3.52013331430176,0.775392974664543,0.00020704639736983572,9.917976538859629e-10,2.4104220053053017e-07,-20.0,0 0 1 0,0.7876755221,-1.2434497875801753e-14,1.801225835151854e-12,0.0,0.0,1.9539925233402755e-14,2.0161650127192843e-13,1.1102230246251565e-15,2.827057164755953e-17,3.74299227180245e-22,-6.604809045823418e-09,0.0,0.0,6.161737786669619e-14
wXtalk_T1_R26,wXtalk,1,26,config_com_dj_200G_CAKR_178_PKGA_06_2_2025__Case1_sweep_TxFFE.xlsx,li_dj_CR_Design_A_Rev1_THRU.s4p,2,1,3.604584391886285,12.947213522053847,-16.0,15.650321115721875,9.379235348026903,2.723096301062898,1.988352751695861,0.0005588839399191681,2.8834577487643334e-08,1.6744028616767157e-06,-17.0,0 0 1 0,0.7787815708,1.5987211554602254e-14,6.323830348264892e-13,0.0,0.0,-2.842170943040401e-14,7.442935157087049e-13,-4.440892098500626e-16,1.7531549129090607e-16,2.255886966554617e-20,9.946284383133622e-19,0.0,0.0,1.9373391779708982e-13
wXtalk_T2_R01,wXtalk,2,1,config_com_dj_200G_CAKR_178_PKGA_06_2_2025__Case2_sweep_TxFFE.xlsx,Tx_PCB_4dB_OSFP_22dB_OSFP_4dB_PCB_Rx_TP0_TP5_VendorX_thru1.s4p,3,2,1.4282057421964502,10.887185682165697,-8.0,10.463367429754785,16.384790825788205,0.2216209753919526,1.0173928373572103,0.0049712012088426105,1.4633441712325117e-05,0.00012776295430223575,-20.0,0 0 1 0,0.85,1.687538997430238e-14,1.3322676295501878e-13,0.0,0.0,-1.0302869668521453e-13,1.5626389071599078e-14,-2.220446049250313e-15,8.066464163292153e-16,6.161317658327781e-18,-1.8543388127921392e-06,0.0,0.0,0.0
wXtalk_T2_R02,wXtalk,2,2,config_com_dj_200G_CAKR_178_PKGA_06_2_2025__Case2_sweep_TxFFE.xlsx,Tx_PCB_4dB_OSFP_27dB_OSFP_4dB_PCB_Rx_TP0_TP5_VendorX_thru1.s4p,3,2,-1.1547256824224457,8.996722519980185,-4.0,10.495295547917436,24.674656544943844,-1.0780614107929247,0.9533043423995664,0.020041497493147663,0.0009886935550675754,0.001800303152701016,-20.0,0 0 1 0,0.85,1.7319479184152442e-14,-8.046896482483135e-13,0.0,0.0,0.0,-9.547918011776346e-15,-1.9984014443252818e-15,-1.6618650899857812e-15,-9.85713527325554e-06,-2.92300905702092e-16,0.0,0.0,0.0
wXtalk_T2_R03,wXtalk,2,3,config_com_dj_200G_CAKR_178_PKGA_06_2_2025__Case2_sweep_TxFFE.xlsx,Tx_PCB_4dB_OSFP_22dB_OSFP_4dB_PCB_Rx_TP0_TP5_VendorY_thru1.s4p,3,2,1.7345269941014347,11.208633740318572,-15.0,9.650803469195354,14.845500833797914,0.47406355699828806,1.4239474354657684,0.0037110507973484217,7.6121266450080675e-06,7.292916825114489e-05,-19.0,0 0 1 0,0.8476290806,7.105427357601002e-15,6.341593916658894e-13,0.0,0.0,-3.375077994860476e-14,-1.1790568521519162e-13,-8.881784197001252e-16,-1.867863502758027e-15,-9.291951431379675e-18,-6.979551485375435e-17,0.0,0.0,1.7486012637846216e-13
wXtalk_T2_R04,wXtalk,2,4,config_com_dj_200G_CAKR_178_PKGA_06_2_2025__Case2_sweep_TxFFE.xlsx,Tx_PCB_4dB_OSFP_27dB_OSFP_4dB_PCB_Rx_TP0_TP5_VendorY_thru1.s4p,3,2,-2.249940350912518,8.266635811735789,-12.0,9.6745823454132,35.049505457948555,-1.4279442900607588,1.320352026967214,0.02964638432712205,0.0032662099987592606,0.003778833159888974,-20.0,0 0 1 0,0.85,-1.1546319456101628e-14,-8.260059303211165e-13,0.0,0.0,0.0,-9.969802761133906e-14,-1.3322676295501878e-15,-6.453171330633722e-16,2.6558741453474883e-05,-1.43982048506075e-16,0.0,0.0,0.0
wXtalk_T2_R05,wXtalk,2,5,config_com_dj_200G_CAKR_178_PKGA_06_2_2025__Case2_sweep_TxFFE.xlsx,HH_5in_DAC_X_0p5m_HN_3in_thru_TP0_Tx7_to_TP5_Rx7.s4p,3,2,4.040203272366321,13.096782399788463,-15.0,14.774742624150129,8.590160705194164,2.5981636844412925,0.8463395679712062,0.00041859881503487,6.575942711429114e-09,1.0336035448993524e-06,-19.0,0 0 1 0,0.8200044021,-1.509903313490213e-14,-4.369837824924616e-13,0.0,0.0,2.6645352591003757e-14,7.478462293875054e-13,-2.220446049250313e-16,4.1405680967221414e-16,1.7465091453444626e-20,2.451455749688108e-08,0.0,0.0,1.829647544582258e-13
wXtalk_T2_R06,wXtalk,2,6,config_com_dj_200G_CAKR_178_PKGA_06_2_2025__Case2_sweep_TxFFE.xlsx,HH_5in_DAC_X_1p0m_HL_2in_thru_TP0_Tx7_to_TP5_Rx7.s4p,3,2,2.996546592229715,12.13533954407634,-11.0,13.798885244982174,10.699107250471243,1.295737479301319,0.8491432915124012,0.001383927768227708,2.589034163371665e-07,1.0940161481998317e-05,-20.0,0 0 1 0,0.85,-4.8405723873656825e-14,-4.3876013933186186e-13,0.0,0.0,1.1368683772161603e-13,-2.0872192862952943e-14,-4.440892098500626e-16,1.3335686721571705e-16,5.79290166562029e-09,2.0848024666668896e-07,0.0,0.0,0.0
wXtalk_T2_R07,wXtalk,2,7,config_com_dj_200G_CAKR_178_PKGA_06_2_2025__Case2_sweep_TxFFE.xlsx,HN_3in_DAC_X_1p0m_HN_3in_thru_TP0_Tx7_to_TP5_Rx7.s4p,3,2,1.6805058376459723,11.059091884700877,-7.0,13.773400953924133,15.094195418130004,0.39250477221285973,1.0800959317287349,0.0043805534685770935,8.446973287564072e-06,0.00010022523896740573,-20.0,0 0 1 0,0.85,2.375877272697835e-14,1.0906830993917538e-12,0.0,0.0,-1.1013412404281553e-13,1.7319479184152442e-14,-2.220446049250313e-16,5.473052566706826e-16,2.73591641963139e-18,1.4886458638333454e-06,0.0,0.0,0.0
wXtalk_T2_R08,wXtalk,2,8,config_com_dj_200G_CAKR_178_PKGA_06_2_2025__Case2_sweep_TxFFE.xlsx,HN_3in_DAC_X_1p5m_HL_2in_thru_TP0_Tx7_to_TP5_Rx7.s4p,3,2,0.7195741577749251,10.323920304599161,-5.0,12.826078008523794,18.66544991292801,-0.2934889224432561,0.9962781277870938,0.008381309660547143,6.043154513209001e-05,0.0003449716939455892,-20.0,0 0 1 0,0.85,-4.884981308350689e-15,-1.2683187833317788e-12,0.0,0.0,0.0,0.0,-8.881784197001252e-16,-1.663599813461758e-15,-2.9036289431877416e-17,-1.303753112413819e-16,0.0,0.0,0.0
wXtalk_T2_R09,wXtalk,2,9,config_com_dj_200G_CAKR_178_PKGA_06_2_2025__Case2_sweep_TxFFE.xlsx,HH_5in_DAC_Y_0p5m_HN_3in_thru_TP0_Tx7_to_TP5_Rx7.s4p,3,2,4.141287266054146,13.284251749352396,-17.0,14.70364353980927,8.422107227671514,2.7958198161251255,1.7671760731573114,0.00033569615010869177,4.144815650473786e-09,6.401364388173742e-07,-19.0,0 0 1 0,0.8029049912,2.1316282072803006e-14,3.4283687000424834e-13,0.0,0.0,-3.552713678800501e-14,-6.661338147750939e-13,1.1102230246251565e-15,8.61940727125976e-18,2.870316725559006e-22,-1.619960370508165e-08,0.0,0.0,1.5165646516379638e-13
wXtalk_T2_R10,wXtalk,2,10,config_com_dj_200G_CAKR_178_PKGA_06_2_2025__Case2_sweep_TxFFE.xlsx,HH_5in_DAC_Y_1p0m_HL_2in_thru_TP0_Tx7_to_TP5_Rx7.s4p,3,2,3.0705555293960485,12.296070568430732,-16.0,13.87578983664477,10.52204369445782,1.356266134063735,1.3917306515351127,0.001203436001711806,2.0408583265877034e-07,8.173279139330912e-06,-20.0,0 0 1 0,0.8374949618,1.7763568394002505e-15,-1.4495071809506044e-12,0.0,0.0,-5.329070518200751e-15,-2.5979218776228663e-14,8.881784197001252e-16,-2.719179048593645e-16,-1.2596968112447548e-19,-3.6676526616111205e-18,0.0,0.0,1.199040866595169e-14
wXtalk_T2_R11,wXtalk,2,11,config_com_dj_200G_CAKR_178_PKGA_06_2_2025__Case2_sweep_TxFFE.xlsx,HN_3in_DAC_Y_1p0m_HN_3in_thru_TP0_Tx7_to_TP5_Rx7.s4p,3,2,3.466746431948243,12.652993494228696,-17.0,14.374786258899743,9.653641590017656,1.833351624545383,1.5037373294138945,0.0007986640818327546,5.4902401193591726e-08,3.6892020200886546e-06,-20.0,0 0 1 0,0.8234287135,-1.0658141036401503e-14,1.3820056210533949e-12,0.0,0.0,2.1316282072803006e-14,5.551115123125783e-14,1.3322676295501878e-15,4.651227319962814e-17,8.66885281955573e-21,4.2097537478538727e-19,0.0,0.0,3.042011087472929e-14
wXtalk_T2_R12,wXtalk,2,12,config_com_dj_200G_CAKR_178_PKGA_06_2_2025__Case2_sweep_TxFFE.xlsx,HN_3in_DAC_Y_1p5m_HL_2in_thru_TP0_Tx7_to_TP5_Rx7.s4p,3,2,2.0557582994721093,11.446648127829901,-15.0,14.066696194769378,13.524460673927733,0.5709968001281996,1.1985235602352007,0.003026417527966065,3.4546387628006652e-06,4.94703181472027e-05,-20.0,0 0 1 0,0.8497925513,5.329070518200751e-15,-2.984279490192421e-13,0.0,0.0,-1.9539925233402755e-14,9.281464485866309e-14,-1.1102230246251565e-15,8.31799906730879e-16,2.3424696156317676e-18,2.5804011705155006e-17,0.0,0.0,1.0347278589506459e-13
wXtalk_T2_R13,wXtalk,2,13,config_com_dj_200G_CAKR_178_PKGA_06_2_2025__Case2_sweep_TxFFE.xlsx,HH_5in_DAC_Z_0p5m_HN_3in_thru_TP0_Tx7_to_TP5_Rx7.s4p,3,2,4.358304396047607,13.254215178818058,-14.0,15.756247911920845,8.078158436413151,2.5407916557224093,0.9078118411839655,0.0003164309472873614,1.7129789115196548e-09,5.775815099277115e-07,-19.0,0 0 1 0,0.8458007292,1.7763568394002505e-15,-7.94031507211912e-13,0.0,0.0,-3.552713678800501e-15,-3.814726312612038e-13,1.1102230246251565e-15,-1.2717691483254967e-16,-5.3194095101153065e-11,-1.4703190685343857e-08,0.0,0.0,8.626432901337466e-14
wXtalk_T2_R14,wXtalk,2,14,config_com_dj_200G_CAKR_178_PKGA_06_2_2025__Case2_sweep_TxFFE.xlsx,HH_5in_DAC_Z_1p0m_HL_2in_thru_TP0_Tx7_to_TP5_Rx7.s4p,3,2,2.9784470909642136,12.072797042789725,-8.0,14.836836133184113,10.74319815549184,1.2142368374236907,0.7675152711307884,0.001501054076136527,2.7090305362677424e-07,1.2606345423505479e-05,-20.0,0 0 1 0,0.85,6.661338147750939e-15,8.597567102697212e-13,0.0,0.0,-1.7763568394002505e-14,-1.9095836023552692e-14,1.4432899320127035e-15,5.421010862427522e-17,2.3346345608696653e-20,7.877406409464993e-19,0.0,0.0,1.1102230246251565e-16
wXtalk_T2_R15,wXtalk,2,15,config_com_dj_200G_CAKR_178_PKGA_06_2_2025__Case2_sweep_TxFFE.xlsx,HN_3in_DAC_Z_1p0m_HN_3in_thru_TP0_Tx7_to_TP5_Rx7.s4p,3,2,1.8218572754621516,11.128613032761464,-4.0,13.962045656095833,14.461011381825372,0.4166111170985729,1.5017882538446907,0.00423294894245664,5.914858331204596e-06,9.212054045898385e-05,-19.0,0 -0.02 0.98 0,0.85,1.9984014443252818e-14,1.106670310946356e-12,0.0,0.0,-8.348877145181177e-14,8.659739592076221e-15,-8.881784197001252e-16,-1.6219664500383146e-16,-6.395098751769968e-19,-7.14218181124826e-18,0.0,0.0,0.0
wXtalk_T2_R16,wXtalk,2,16,config_com_dj_200G_CAKR_178_PKGA_06_2_2025__Case2_sweep_TxFFE.xlsx,HN_3in_DAC_Z_1p5m_HL_2in_thru_TP0_Tx7_to_TP5_Rx7.s4p,3,2,0.24314235785478466,9.95588620583854,1.0,13.230870127907902,19.20949289644119,-0.588862995067341,1.3048469458085488,0.01132006484913789,0.00013670778218575648,0.0006078298492040229,-20.0,0 -0.06 0.94 0,0.85,-2.6423307986078726e-14,4.778399897986674e-13,0.0,0.0,0.0,-1.2212453270876722e-14,8.881784197001252e-16,-4.40619762898109e-16,-1.0787811616230769e-17,-4.0223900599212215e-17,0.0,0.0,0.0
wXtalk_T2_R17,wXtalk,2,17,config_com_dj_200G_CAKR_178_PKGA_06_2_2025__Case2_sweep_TxFFE.xlsx,Tx_NPC_250mm_32AWG_BPK_100mm_27AWG_BPK_250mm_32AWG_NPC_Rx_thru1.s4p,3,4,5.387455056521583,14.630838853194803,-21.0,11.630659581067992,6.703551262905105,5.8629617122736875,1.5237525851314997,3.784955369855898e-05,1.1685259355029193e-11,8.118661019213942e-09,-17.0,0 0 1 0,0.7179932446,-8.881784197001252e-15,-7.780442956573097e-13,0.0,0.0,1.1546319456101628e-14,0.0,-4.440892098500626e-16,3.1916201452542037e-18,4.636846653220201e-13,1.4078614025652531e-21,0.0,0.0,1.199040866595169e-14
wXtalk_T2_R18,wXtalk,2,18,config_com_dj_200G_CAKR_178_PKGA_06_2_2025__Case2_sweep_TxFFE.xlsx,Tx_NPC_250mm_32AWG_BPK_300mm_27AWG_BPK_250mm_32AWG_NPC_Rx_thru1.s4p,3,4,5.056839043606773,14.304967823411852,-21.0,11.750789051400773,7.1047992778332425,4.654188686440354,1.3983825000346228,6.855603559335357e-05,6.703203202500717e-11,2.7627982980770875e-08,-18.0,0 0 1 0,0.7587826886,-1.0658141036401503e-14,1.872280108727864e-12,0.0,0.0,1.4210854715202004e-14,7.789324740770098e-13,-1.1102230246251565e-15,3.384066030870381e-17,8.804303644861288e-23,2.650948427109943e-20,0.0,0.0,1.0491607582707729e-13
wXtalk_T2_R19,wXtalk,2,19,config_com_dj_200G_CAKR_178_PKGA_06_2_2025__Case2_sweep_TxFFE.xlsx,Tx_NPC_250mm_32AWG_BPK_500mm_27AWG_BPK_250mm_32AWG_NPC_Rx_thru1.s4p,3,4,4.621575804158073,13.872984522550285,-21.0,11.83859428225629,7.689053009422329,3.6070618285926597,1.2967537077243296,0.0001410300465298203,5.790122022899695e-10,1.2230122569822188e-07,-19.0,0 0 1 0,0.7814082399,5.329070518200751e-15,-1.042721464727947e-12,0.0,0.0,-7.105427357601002e-15,-9.956480084838404e-13,-2.220446049250313e-16,-1.0882679306323251e-16,-1.9615126743686368e-11,-1.7861807275225058e-19,0.0,0.0,1.7408297026122455e-13
wXtalk_T2_R20,wXtalk,2,20,config_com_dj_200G_CAKR_178_PKGA_06_2_2025__Case2_sweep_TxFFE.xlsx,Tx_NPC_250mm_32AWG_BPK_700mm_27AWG_BPK_250mm_32AWG_NPC_Rx_thru1.s4p,3,4,4.0423690249153665,13.312399762247972,-22.0,11.906745982525555,8.586505084144099,2.6719247317873016,1.2140862104630192,0.0003321457191434958,7.2196850891967706e-09,6.740399347798707e-07,-19.0,0 0 1 0,0.8082251629,-3.552713678800501e-15,-6.892264536872972e-13,0.0,0.0,5.329070518200751e-15,9.592326932761353e-13,2.220446049250313e-16,2.2128566340429145e-16,1.2090899013687606e-20,8.476682219647411e-19,0.0,0.0,2.1760371282653068e-13
wXtalk_T2_R21,wXtalk,2,21,config_com_dj_200G_CAKR_178_PKGA_06_2_2025__Case2_sweep_TxFFE.xlsx,Tx_NPC_250mm_32AWG_BPK_900mm_27AWG_BPK_250mm_32AWG_NPC_Rx_thru1.s4p,3,4,3.23073313299208,12.601026299824396,-22.0,11.95133307561376,10.155618703926201,1.7210125867377202,1.1464544285973735,0.0008875635224595755,1.3104330668842708e-07,4.669988922662858e-06,-20.0,0 0 1 0,0.8294237467,-1.1102230246251565e-14,-2.431832513138943e-12,0.0,0.0,2.3092638912203256e-14,-2.41140440948584e-13,2.220446049250313e-16,-2.0079424234431542e-16,3.122789673662743e-09,9.643392835436288e-08,0.0,0.0,8.604228440844963e-14
wXtalk_T2_R22,wXtalk,2,22,config_com_dj_200G_CAKR_178_PKGA_06_2_2025__Case2_sweep_TxFFE.xlsx,Tx_NPC_250mm_32AWG_BPK_1200mm_27AWG_BPK_250mm_32AWG_NPC_Rx_thru1.s4p,3,4,1.869657154142999,11.418018262180373,-21.0,12.003065745741555,14.25911301105585,0.5739171448587389,1.0694818281685954,0.003213556781069525,5.5394627386529745e-06,5.671979592658791e-05,-19.0,0 0 1 0,0.85,3.019806626980426e-14,8.15347789284715e-13,0.0,0.0,-1.2789769243681803e-13,1.2989609388114332e-14,4.440892098500626e-16,-3.8163916471489756e-16,-1.0063789966669358e-07,-1.3857459017080354e-17,0.0,0.0,1.1102230246251565e-16
wXtalk_T2_R23,wXtalk,2,23,config_com_dj_200G_CAKR_178_PKGA_06_2_2025__Case2_sweep_TxFFE.xlsx,Tx_NPC_250mm_32AWG_BPK_1400mm_27AWG_BPK_250mm_32AWG_NPC_Rx_thru1.s4p,3,4,0.8020922716117606,10.568539293020605,-20.0,12.027313509232158,20.00782160308421,-0.07578958599724003,1.030615004307739,0.006847260245177778,5.110976169539661e-05,0.00023795704308446076,-20.0,0 0 1 0,0.85,3.419486915845482e-14,2.6769697569761775e-12,0.0,0.0,0.0,2.5146551507759796e-14,-4.440892098500626e-16,1.4493614641786223e-15,-7.476755307728587e-07,-3.1577108335352597e-06,0.0,0.0,0.0
wXtalk_T2_R24,wXtalk,2,24,config_com_dj_200G_CAKR_178_PKGA_06_2_2025__Case2_sweep_TxFFE.xlsx,li_dj_CR_Design_C_Rev1_THRU.s4p,2,1,2.9995847962668822,12.131704913302261,-10.0,16.232681478737035,10.691736957591054,1.2319459951511749,0.8731272731456239,0.0013811063346144468,2.507252516162445e-07,1.0568791170435851e-05,-19.0,0 0 1 0,0.85,4.440892098500626e-15,0.0,0.0,0.0,-1.0658141036401503e-14,-9.547918011776346e-15,1.3322676295501878e-15,-3.421742056364252e-16,-5.763569811793567e-09,-5.0381519702685784e-18,0.0,0.0,0.0
wXtalk_T2_R25,wXtalk,2,25,config_com_dj_200G_CAKR_178_PKGA_06_2_2025__Case2_sweep_TxFFE.xlsx,li_dj_CR_Design_B_Rev1_THRU.s4p,2,1,2.829441290723693,12.016616566961298,-11.0,15.836549466657567,11.118623003659335,1.1459950229928917,0.775392974664543,0.0015470879736316529,4.272089735320033e-07,1.3599465723417706e-05,-20.0,0 0 1 0,0.8486263996,-1.7763568394002505e-15,6.821210263296962e-13,0.0,0.0,1.7763568394002505e-15,-2.41140440948584e-13,1.1102230246251565e-15,-7.314027855587213e-16,-4.933966917756299e-19,2.533949647334644e-07,0.0,0.0,1.3677947663381929e-13
wXtalk_T2_R26,wXtalk,2,26,config_com_dj_200G_CAKR_178_PKGA_06_2_2025__Case2_sweep_TxFFE.xlsx,li_dj_CR_Design_A_Rev1_THRU.s4p,2,1,1.7634891126429033,11.332776785699375,-15.0,15.650321115721875,14.715661837789888,0.5170372071066883,1.988352751695861,0.0034575382443092747,6.996253778378084e-06,6.412996708980942e-05,-20.0,0 0 1 0,0.8279791669,-1.2434497875801753e-14,7.105427357601002e-14,0.0,0.0,5.3290705182007514e-14,3.297362383136715e-14,-4.440892098500626e-16,6.227657278756737e-16,3.028989819381378e-18,2.188733135705112e-17,0.0,0.0,6.139533326177116e-14
wXtalk_T3_R01,wXtalk,3,1,config_com_dj_200G_CAKR_178_PKGB_06_2_2025__Case3_sweep_TxFFE.xlsx,Tx_PCB_4dB_OSFP_22dB_OSFP_4dB_PCB_Rx_TP0_TP5_VendorX_thru1.s4p,3,2,0.812507604405666,10.37810392390597,-7.0,10.463367429754785,18.72382618539382,-0.19314379492056058,1.0173928373572103,0.007749872008905394,5.060024835043986e-05,0.00030273001760767527,-20.0,0 0 1 0,0.85,2.708944180085382e-14,1.106670310946356e-12,0.0,0.0,5.684341886080802e-14,2.9504176879413535e-14,-2.220446049250313e-15,1.685283856911468e-15,2.6203811256259035e-17,1.2370746788059606e-16,0.0,0.0,1.1102230246251565e-16
wXtalk_T3_R02,wXtalk,3,2,config_com_dj_200G_CAKR_178_PKGB_06_2_2025__Case3_sweep_TxFFE.xlsx,Tx_PCB_4dB_OSFP_27dB_OSFP_4dB_PCB_Rx_TP0_TP5_VendorX_thru1.s4p,3,2,-1.6796025785878679,8.597101761615402,-4.0,10.495295547917436,26.444385894678362,-1.3063503828208745,0.9533043423995664,0.02534072229924261,0.0018047581862755784,0.0028221232203339062,-20.0,0 0 1 0,0.85,-1.1102230246251565e-14,2.900790718740609e-12,0.0,0.0,0.0,4.1522341120980855e-14,-1.9984014443252818e-15,4.930084118726086e-15,7.392090412006169e-16,2.4110566541349788e-05,0.0,0.0,0.0
wXtalk_T3_R03,wXtalk,3,3,config_com_dj_200G_CAKR_178_PKGB_06_2_2025__Case3_sweep_TxFFE.xlsx,Tx_PCB_4dB_OSFP_22dB_OSFP_4dB_PCB_Rx_TP0_TP5_VendorY_thru1.s4p,3,2,0.9579586195927839,10.524282468589517,-14.0,9.650803469195354,18.782701823531625,-0.07682029254204789,1.4239474354657684,0.006823000127318125,3.78300610483952e-05,0.00023780225419421216,-19.0,0 0 1 0,0.8483879932,2.7755575615628914e-15,-4.2099657093785936e-13,0.0,0.0,-5.684341886080802e-14,-2.167710455580618e-14,-8.881784197001252e-16,2.6662699825763525e-15,3.5331438295871376e-17,1.7593890754008523e-16,0.0,0.0,1.9872992140790302e-13
wXtalk_T3_R04,wXtalk,3,4,config_com_dj_200G_CAKR_178_PKGB_06_2_2025__Case3_sweep_TxFFE.xlsx,Tx_PCB_4dB_OSFP_27dB_OSFP_4dB_PCB_Rx_TP0_TP5_VendorY_thru1.s4p,3,2,-2.758201246365428,7.8647152194120284,-13.0,9.6745823454132,44.488934606725024,-1.5968068650644907,1.320352026967214,0.03590639818251022,0.00512633639686228,0.005398765350515039,-20.0,0 0 1 0,0.85,-1.8207657603852567e-14,1.2967404927621828e-13,0.0,0.0,0.0,6.772360450213455e-14,-1.3322676295501878e-15,-6.58501031480796e-15,-1.7763568394002505e-15,-1.8457457784393227e-15,0.0,0.0,1.1102230246251565e-16
wXtalk_T3_R05,wXtalk,3,5,config_com_dj_200G_CAKR_178_PKGB_06_2_2025__Case3_sweep_TxFFE.xlsx,HH_5in_DAC_X_0p5m_HN_3in_thru_TP0_Tx7_to_TP5_Rx7.s4p,3,2,3.591444580669342,12.664132973126785,-14.0,14.774742624150129,9.404838305028392,1.99481455381704,0.8463395679712062,0.0007555069791561358,3.703598852595617e-08,3.2569306180812084e-06,-19.0,0 0 1 0,0.8293900704,7.549516567451064e-15,4.920508445138694e-13,0.0,0.0,-1.4210854715202004e-14,3.8191672047105385e-14,-2.220446049250313e-16,-2.3310346708438345e-17,9.422742326989798e-10,-7.121600846850186e-08,0.0,0.0,1.5765166949677223e-14
wXtalk_T3_R06,wXtalk,3,6,config_com_dj_200G_CAKR_178_PKGB_06_2_2025__Case3_sweep_TxFFE.xlsx,HH_5in_DAC_X_1p0m_HL_2in_thru_TP0_Tx7_to_TP5_Rx7.s4p,3,2,2.4446875004908932,11.667470178277334,-12.0,13.798885244982174,12.205512183047311,0.8449167311051871,0.8491432915124012,0.002415630476979994,1.287872341834018e-06,3.2324602598807954e-05,-20.0,0 0 1 0,0.85,-1.509903313490213e-14,-2.0392576516314875e-12,0.0,0.0,4.796163466380676e-14,-2.1649348980190553e-14,-4.440892098500626e-16,-5.928417479150738e-16,2.5468735796819768e-08,5.48135132108847e-07,0.0,0.0,1.1102230246251565e-16
wXtalk_T3_R07,wXtalk,3,7,config_com_dj_200G_CAKR_178_PKGB_06_2_2025__Case3_sweep_TxFFE.xlsx,HN_3in_DAC_X_1p0m_HN_3in_thru_TP0_Tx7_to_TP5_Rx7.s4p,3,2,1.3389357926122571,10.759522929079747,-8.0,13.773400953924133,16.901960800285174,0.07431006684089758,1.0800959317287349,0.005879710095722371,1.801098994179651e-05,0.0001784163970296554,-19.0,0 -0.02 0.98 0,0.85,7.771561172376096e-15,1.2612133559741778e-13,0.0,0.0,-4.973799150320701e-14,3.469446951953614e-15,-2.220446049250313e-16,-4.536301889679351e-16,2.825227717591075e-07,2.4455039994381934e-06,0.0,0.0,1.1102230246251565e-16
wXtalk_T3_R08,wXtalk,3,8,config_com_dj_200G_CAKR_178_PKGB_06_2_2025__Case3_sweep_TxFFE.xlsx,HN_3in_DAC_X_1p5m_HL_2in_thru_TP0_Tx7_to_TP5_Rx7.s4p,3,2,0.29126237471191607,9.974389503302023,-4.0,12.826078008523794,19.27266052490785,-0.54501566365523,0.9962781277870938,0.010815059063099177,0.00012632782104125966,0.0005622518839389359,-20.0,0 0 1 0,0.85,1.2434497875801753e-14,-7.442935157087049e-13,0.0,0.0,0.0,7.771561172376096e-15,-8.881784197001252e-16,-1.1622647289044608e-15,-3.604972223514302e-17,-1.2587587222556706e-16,0.0,0.0,0.0
wXtalk_T3_R09,wXtalk,3,9,config_com_dj_200G_CAKR_178_PKGB_06_2_2025__Case3_sweep_TxFFE.xlsx,HH_5in_DAC_Y_0p5m_HN_3in_thru_TP0_Tx7_to_TP5_Rx7.s4p,3,2,3.481468282316785,12.67214078545007,-16.0,14.70364353980927,9.623705811740269,2.006780973714711,1.7671760731573114,0.0007903613443792351,5.0914279311369306e-08,3.543728758294504e-06,-19.0,0 0 1 0,0.8105319049,8.881784197001252e-15,1.2860823517257813e-12,0.0,0.0,-1.7763568394002505e-14,-4.667377595524158e-13,1.1102230246251565e-15,-6.941062308252199e-16,-1.156464670798137e-19,-5.896619862310812e-18,0.0,0.0,1.4077627952246985e-13
wXtalk_T3_R10,wXtalk,3,10,config_com_dj_200G_CAKR_178_PKGB_06_2_2025__Case3_sweep_TxFFE.xlsx,HH_5in_DAC_Y_1p0m_HL_2in_thru_TP0_Tx7_to_TP5_Rx7.s4p,3,2,2.3169418306889673,11.632877284664367,-16.0,13.87578983664477,12.610718067644816,0.7640441631360726,1.3917306515351127,0.002575412998486092,1.8031594050300355e-06,3.674397222638141e-05,-20.0,0 0 1 0,0.8476158519,-1.5987211554602254e-14,1.2434497875801753e-12,0.0,0.0,5.1514348342607263e-14,-1.6564527527407336e-13,8.881784197001252e-16,-2.8362728832220796e-16,3.4843120257690506e-08,6.134304363670192e-07,0.0,0.0,1.1046719095020308e-13
wXtalk_T3_R11,wXtalk,3,11,config_com_dj_200G_CAKR_178_PKGB_06_2_2025__Case3_sweep_TxFFE.xlsx,HN_3in_DAC_Y_1p0m_HN_3in_thru_TP0_Tx7_to_TP5_Rx7.s4p,3,2,2.7493948198613154,12.032748098330263,-16.0,14.374786258899743,11.330009833952841,1.1634382672154868,1.5037373294138945,0.0017215571829903309,5.396417260821141e-07,1.669034605066751e-05,-20.0,0 0 1 0,0.8308158113,-3.597122599785507e-14,1.3624656958199921e-12,0.0,0.0,1.0125233984581428e-13,8.659739592076221e-15,1.3322676295501878e-15,3.2504381131115423e-16,1.1490553645331374e-08,3.045789847926276e-07,0.0,0.0,2.808864252301646e-14
wXtalk_T3_R12,wXtalk,3,12,config_com_dj_200G_CAKR_178_PKGB_06_2_2025__Case3_sweep_TxFFE.xlsx,HN_3in_DAC_Y_1p5m_HL_2in_thru_TP0_Tx7_to_TP5_Rx7.s4p,3,2,1.3059529677321067,10.816621929453337,-15.0,14.066696194769378,17.102531995173003,0.11663585757442763,1.1985235602352007,0.005414773782901498,1.8936020977208265e-05,0.00015157559286401492,-20.0,0 0 1 0,0.85,-1.887379141862766e-14,-1.8687273950490635e-12,0.0,0.0,1.2079226507921703e-13,-1.559863349598345e-14,-1.1102230246251565e-15,-1.6731407925796304e-15,-1.4182719668826005e-17,-8.852510738344144e-17,0.0,0.0,0.0
wXtalk_T3_R13,wXtalk,3,13,config_com_dj_200G_CAKR_178_PKGB_06_2_2025__Case3_sweep_TxFFE.xlsx,HH_5in_DAC_Z_0p5m_HN_3in_thru_TP0_Tx7_to_TP5_Rx7.s4p,3,2,3.752291869250905,12.726793524880563,-13.0,15.756247911920845,9.099063527563388,1.8956080138056979,0.9078118411839655,0.0006939250827304771,2.014666812859293e-08,2.8125767936664243e-06,-19.0,0 0 1 0,0.85,1.1102230246251565e-14,-1.1972645097557688e-12,0.0,0.0,-1.9539925233402755e-14,-3.4638958368304884e-14,1.1102230246251565e-15,-1.1676857397668883e-16,-5.406675825229124e-10,6.112163448500096e-08,0.0,0.0,0.0
wXtalk_T3_R14,wXtalk,3,14,config_com_dj_200G_CAKR_178_PKGB_06_2_2025__Case3_sweep_TxFFE.xlsx,HH_5in_DAC_Z_1p0m_HL_2in_thru_TP0_Tx7_to_TP5_Rx7.s4p,3,2,2.2368687703630394,11.466388148203233,-8.0,14.836836133184113,12.877921207510902,0.6549074881470746,0.7675152711307884,0.0030370209634349426,2.2153297179231764e-06,4.8947482115801265e-05,-20.0,0 0 1 0,0.85,-1.5987211554602254e-14,3.765876499528531e-13,0.0,0.0,4.618527782440651e-14,-1.7319479184152442e-14,1.4432899320127035e-15,2.5153490401663703e-17,4.188715627825622e-08,5.827586677109586e-19,0.0,0.0,1.1102230246251565e-16
wXtalk_T3_R15,wXtalk,3,15,config_com_dj_200G_CAKR_178_PKGB_06_2_2025__Case3_sweep_TxFFE.xlsx,HN_3in_DAC_Z_1p0m_HN_3in_thru_TP0_Tx7_to_TP5_Rx7.s4p,3,2,1.126483360775829,10.589142993164451,-3.0,13.962045656095833,17.6419675267324,-0.0789788727119248,1.5017882538446907,0.006837007427517349,2.6879334096051634e-05,0.00023203030048481443,-20.0,0 -0.02 0.98 0,0.85,1.4432899320127035e-14,3.055333763768431e-13,0.0,0.0,-5.684341886080802e-14,1.0408340855860843e-14,-8.881784197001252e-16,-1.43982048506075e-16,-4.124854042298778e-07,-1.0381235801548705e-17,0.0,0.0,1.1102230246251565e-16
wXtalk_T3_R16,wXtalk,3,16,config_com_dj_200G_CAKR_178_PKGB_06_2_2025__Case3_sweep_TxFFE.xlsx,HN_3in_DAC_Z_1p5m_HL_2in_thru_TP0_Tx7_to_TP5_Rx7.s4p,3,2,-0.5665054313599704,9.361404229273198,2.0,13.230870127907902,20.987525288431584,-1.0478858944372613,1.3048469458085488,0.01691146898486663,0.0004692662022121724,0.0013113831803392123,-20.0,0 -0.04 0.96 0,0.85,-2.2870594307278225e-14,2.7711166694643907e-13,0.0,0.0,0.0,0.0,8.881784197001252e-16,-1.3877787807814457e-16,5.10541413265681e-06,1.3108258121130329e-05,0.0,0.0,0.0
wXtalk_T3_R17,wXtalk,3,17,config_com_dj_200G_CAKR_178_PKGB_06_2_2025__Case3_sweep_TxFFE.xlsx,Tx_NPC_250mm_32AWG_BPK_100mm_27AWG_BPK_250mm_32AWG_NPC_Rx_thru1.s4p,3,4,4.5379891715715575,13.801598660333209,6.0,11.630659581067992,7.809448003428097,3.7761088197760895,1.5237525851314997,0.00018031553916182894,8.421159954878683e-10,1.9020069145427374e-07,-19.0,0 -0.1 0.9 0,0.6539627321,-1.687538997430238e-14,-3.836930773104541e-13,0.0,0.0,2.5757174171303632e-14,-1.199040866595169e-14,-4.440892098500626e-16,-1.3850682753502319e-17,2.6980664055983134e-11,-2.617861202607822e-20,0.0,0.0,7.327471962526033e-15
wXtalk_T3_R18,wXtalk,3,18,config_com_dj_200G_CAKR_178_PKGB_06_2_2025__Case3_sweep_TxFFE.xlsx,Tx_NPC_250mm_32AWG_BPK_300mm_27AWG_BPK_250mm_32AWG_NPC_Rx_thru1.s4p,3,4,4.368773601580907,13.568805548558561,-21.0,11.750789051400773,8.062116986255539,3.5257241602963814,1.3983825000346228,0.0002408195978303836,1.6987630913997843e-09,3.368489857573739e-07,-18.0,0 0 1 0,0.7584269863,1.1546319456101628e-14,-2.0659030042224913e-12,0.0,0.0,-1.7763568394002505e-14,9.663381206337363e-13,-1.1102230246251565e-15,-3.255317022887727e-17,-8.462057666417473e-22,-8.952623459694015e-09,0.0,0.0,1.745270594710746e-13
wXtalk_T3_R19,wXtalk,3,19,config_com_dj_200G_CAKR_178_PKGB_06_2_2025__Case3_sweep_TxFFE.xlsx,Tx_NPC_250mm_32AWG_BPK_500mm_27AWG_BPK_250mm_32AWG_NPC_Rx_thru1.s4p,3,4,3.98286359666914,13.19852964836295,-20.0,11.83859428225629,8.687845555872281,2.6480023306029046,1.2967537077243296,0.0004022000452547513,8.12180624543825e-09,9.360992422497857e-07,-19.0,0 0 1 0,0.7912563811,9.769962616701378e-15,3.1246116805050406e-12,0.0,0.0,-1.5987211554602254e-14,1.9095836023552692e-13,-2.220446049250313e-16,7.578573185673676e-17,-2.357300609028414e-10,3.297075747187364e-19,0.0,0.0,4.618527782440651e-14
wXtalk_T3_R20,wXtalk,3,20,config_com_dj_200G_CAKR_178_PKGB_06_2_2025__Case3_sweep_TxFFE.xlsx,Tx_NPC_250mm_32AWG_BPK_700mm_27AWG_BPK_250mm_32AWG_NPC_Rx_thru1.s4p,3,4,3.4666063706139862,12.694439983328563,-21.0,11.906745982525555,9.653927134424167,1.8988539354404828,1.2140862104630192,0.0007661887198510108,5.613534684306565e-08,3.3763302890067096e-06,-19.0,0 0 1 0,0.8181182286,1.199040866595169e-14,-1.092459456231154e-12,0.0,0.0,-2.6645352591003757e-14,-2.4802382370125997e-13,2.220446049250313e-16,-3.61039323437673e-16,-6.762366943743512e-20,-3.0167078416461907e-18,0.0,0.0,8.359979375427429e-14
wXtalk_T3_R21,wXtalk,3,21,config_com_dj_200G_CAKR_178_PKGB_06_2_2025__Case3_sweep_TxFFE.xlsx,Tx_NPC_250mm_32AWG_BPK_900mm_27AWG_BPK_250mm_32AWG_NPC_Rx_thru1.s4p,3,4,2.7075378838902893,12.031835954308168,-21.0,11.95133307561376,11.443426626871915,1.1521993819986702,1.1464544285973735,0.001702079829592351,6.259472311690054e-07,1.6527203271113008e-05,-19.0,0 0 1 0,0.8376170899,1.9539925233402755e-14,1.7053025658242404e-13,0.0,0.0,-5.3290705182007514e-14,7.633893517322576e-13,2.220446049250313e-16,1.1579279202145187e-15,1.0839904142486909e-18,2.1396052247643627e-17,0.0,0.0,3.723688024592775e-13
wXtalk_T3_R22,wXtalk,3,22,config_com_dj_200G_CAKR_178_PKGB_06_2_2025__Case3_sweep_TxFFE.xlsx,Tx_NPC_250mm_32AWG_BPK_1200mm_27AWG_BPK_250mm_32AWG_NPC_Rx_thru1.s4p,3,4,1.3274743135292688,10.899816449986098,-21.0,12.003065745741555,16.97104910686299,0.15770241594553497,1.0694818281685954,0.005219773356979845,1.822485628781474e-05,0.0001435970265115573,-20.0,0 0 1 0,0.85,1.7763568394002505e-15,-7.887024366937112e-13,0.0,0.0,-1.0658141036401503e-14,-3.469446951953614e-15,4.440892098500626e-16,-1.8474805019152996e-15,-2.9328526195230645e-07,2.0213713239961007e-06,0.0,0.0,2.220446049250313e-16
wXtalk_T3_R23,wXtalk,3,23,config_com_dj_200G_CAKR_178_PKGB_06_2_2025__Case3_sweep_TxFFE.xlsx,Tx_NPC_250mm_32AWG_BPK_1400mm_27AWG_BPK_250mm_32AWG_NPC_Rx_thru1.s4p,3,4,0.2545497812408184,10.047677277975197,-21.0,12.027313509232158,20.222320098109208,-0.41502143798677943,1.030615004307739,0.010185994817386829,0.0001355537664416273,0.0005065435849787941,-20.0,0 0 1 0,0.85,1.8762769116165146e-14,-5.933031843596837e-13,0.0,0.0,0.0,-2.0816681711721685e-14,-4.440892098500626e-16,1.8596235662471372e-15,5.583641188300348e-17,1.730386667286865e-16,0.0,0.0,0.0
wXtalk_T3_R24,wXtalk,3,24,config_com_dj_200G_CAKR_178_PKGB_06_2_2025__Case3_sweep_TxFFE.xlsx,li_dj_CR_Design_C_Rev1_THRU.s4p,2,1,2.2180485114001356,11.470826719587022,-9.0,16.232681478737035,12.942302151112251,0.6470656769569892,0.8731272731456239,0.0028914066169199973,2.3345843038946934e-06,4.54466180522573e-05,-19.0,0 0 1 0,0.85,-1.199040866595169e-14,0.0,0.0,0.0,4.263256414560601e-14,7.882583474838611e-15,1.3322676295501878e-15,6.310056643865636e-16,1.3188302988749456e-18,7.420996998333779e-07,0.0,0.0,1.1102230246251565e-16
wXtalk_T3_R25,wXtalk,3,25,config_com_dj_200G_CAKR_178_PKGB_06_2_2025__Case3_sweep_TxFFE.xlsx,li_dj_CR_Design_B_Rev1_THRU.s4p,2,1,2.2654341013264596,11.529413423360321,-11.0,15.836549466657567,12.781369067277478,0.6946677088978739,0.775392974664543,0.00267383616092781,2.090167368890352e-06,3.936237079343249e-05,-20.0,0 0 1 0,0.85,4.884981308350689e-15,2.659206188582175e-12,0.0,0.0,-2.4868995751603507e-14,-4.440892098500626e-15,1.1102230246251565e-15,6.271025365656158e-16,1.2980779916672153e-18,1.8058742435461683e-17,0.0,0.0,0.0
wXtalk_T3_R26,wXtalk,3,26,config_com_dj_200G_CAKR_178_PKGB_06_2_2025__Case3_sweep_TxFFE.xlsx,li_dj_CR_Design_A_Rev1_THRU.s4p,2,1,1.2181817418663827,10.793343638200259,-16.0,15.650321115721875,17.66401779061003,0.10589987837478221,1.988352751695861,0.005569303208371544,2.3167107210149125e-05,0.00015924501548237287,-20.0,0 0 1 0,0.8371519255,-1.9984014443252818e-15,-1.0871303857129533e-12,0.0,0.0,1.0658141036401503e-14,1.6486811915683575e-14,-4.440892098500626e-16,2.1822821327788233e-15,2.147736741058004e-17,-2.2414489569892553e-06,0.0,0.0,1.170175067954915e-13
wXtalk_T4_R01,wXtalk,4,1,config_com_dj_200G_CAKR_178_PKGB_06_2_2025__Case4_sweep_TxFFE.xlsx,Tx_PCB_4dB_OSFP_22dB_OSFP_4dB_PCB_Rx_TP0_TP5_VendorX_thru1.s4p,3,2,-1.7822073185571254,8.493886157686873,-7.0,10.463367429754785,27.31807553343458,-1.255753651362484,1.0173928373572103,0.026159451363980662,0.0020158400665369874,0.002997894578356794,-20.0,0 0 1 0,0.85,-1.7763568394002505e-14,-2.646771690706373e-13,0.0,0.0,5.684341886080802e-14,-7.549516567451064e-14,-2.220446049250313e-15,3.056582764671134e-15,4.696763811207205e-16,2.526571769901221e-05,0.0,0.0,0.0
wXtalk_T4_R02,wXtalk,4,2,config_com_dj_200G_CAKR_178_PKGB_06_2_2025__Case4_sweep_TxFFE.xlsx,Tx_PCB_4dB_OSFP_27dB_OSFP_4dB_PCB_Rx_TP0_TP5_VendorX_thru1.s4p,3,2,-4.141910808384362,6.5304847808427615,-3.0,10.495295547917436,313.07119549054045,-2.07896157510426,0.9533043423995664,0.06207541474585087,nan,0.014604574529069242,-20.0,0 0 1 0,0.85,-2.6645352591003757e-15,2.6556534749033744e-13,0.0,0.0,0.0,-2.957634137601417e-13,-1.9984014443252818e-15,-1.7319479184152442e-14,nan,-8.17226286834536e-05,0.0,0.0,0.0
wXtalk_T4_R03,wXtalk,4,3,config_com_dj_200G_CAKR_178_PKGB_06_2_2025__Case4_sweep_TxFFE.xlsx,Tx_PCB_4dB_OSFP_22dB_OSFP_4dB_PCB_Rx_TP0_TP5_VendorY_thru1.s4p,3,2,-1.6961629070324622,8.547318041727369,-15.0,9.650803469195354,26.782400905442387,-1.2322553800940586,1.4239474354657684,0.025264191766481606,0.0018340817855883615,0.0028156840254518075,-20.0,0 0 1 0,0.85,3.042011087472929e-14,-1.0693668173189508e-12,0.0,0.0,0.0,-1.8207657603852567e-14,-8.881784197001252e-16,1.6306400674181987e-16,-1.644371011665438e-05,-1.214306433183765e-17,0.0,0.0,0.0
wXtalk_T4_R04,wXtalk,4,4,config_com_dj_200G_CAKR_178_PKGB_06_2_2025__Case4_sweep_TxFFE.xlsx,Tx_PCB_4dB_OSFP_27dB_OSFP_4dB_PCB_Rx_TP0_TP5_VendorY_thru1.s4p,3,2,-4.815975422346631,5.801885300042596,-12.0,9.6745823454132,313.07119549054045,-2.1982277739369565,1.320352026967214,0.07781624392282997,nan,0.022117006532387334,-20.0,0 0 1 0,0.85,-1.509903313490213e-14,4.263256414560601e-13,0.0,0.0,0.0,2.6068036618198676e-13,-1.3322676295501878e-15,-1.7388868123191514e-14,nan,-9.110767695830191e-15,0.0,0.0,0.0
wXtalk_T4_R05,wXtalk,4,5,config_com_dj_200G_CAKR_178_PKGB_06_2_2025__Case4_sweep_TxFFE.xlsx,HH_5in_DAC_X_0p5m_HN_3in_thru_TP0_Tx7_to_TP5_Rx7.s4p,3,2,1.491725829715476,10.9250567340528,-14.0,14.774742624150129,16.037696860641717,0.2165364337265406,0.8463395679712062,0.0048977979550940964,1.3119729496790113e-05,0.00012655357894094898,-20.0,0 0 1 0,0.85,-2.5979218776228663e-14,5.275779813018744e-13,0.0,0.0,1.3145040611561853e-13,-1.995625886763719e-14,-2.220446049250313e-16,-1.4016565685892601e-15,2.136957157603425e-07,1.8139397703726095e-06,0.0,0.0,0.0
wXtalk_T4_R06,wXtalk,4,6,config_com_dj_200G_CAKR_178_PKGB_06_2_2025__Case4_sweep_TxFFE.xlsx,HH_5in_DAC_X_1p0m_HL_2in_thru_TP0_Tx7_to_TP5_Rx7.s4p,3,2,-0.17215840342965194,9.652180418453804,-11.0,13.798885244982174,20.907249956518797,-0.6047075130273006,0.8491432915124012,0.013075350186035556,0.0002623399790163139,0.000817706847377386,-20.0,0 0 1 0,0.85,-3.3306690738754696e-15,8.86402062860725e-13,0.0,0.0,0.0,2.6645352591003757e-15,-4.440892098500626e-16,5.629177679544739e-15,2.592327394412841e-16,6.722053469410127e-16,0.0,0.0,0.0
wXtalk_T4_R07,wXtalk,4,7,config_com_dj_200G_CAKR_178_PKGB_06_2_2025__Case4_sweep_TxFFE.xlsx,HN_3in_DAC_X_1p0m_HN_3in_thru_TP0_Tx7_to_TP5_Rx7.s4p,3,2,-1.1729955474050566,8.91328155324952,-7.0,13.773400953924133,23.457245778509673,-1.1533341166659838,1.0800959317287349,0.021208945928031263,0.0010146908820469998,0.0020084045220461096,-20.0,0 0 1 0,0.85,1.0658141036401503e-14,2.497557716196752e-12,0.0,0.0,0.0,3.4861002973229915e-14,-2.220446049250313e-16,5.027228633380787e-15,-9.961333605986973e-06,-1.85412341271291e-05,0.0,0.0,0.0
wXtalk_T4_R08,wXtalk,4,8,config_com_dj_200G_CAKR_178_PKGB_06_2_2025__Case4_sweep_TxFFE.xlsx,HN_3in_DAC_X_1p5m_HL_2in_thru_TP0_Tx7_to_TP5_Rx7.s4p,3,2,-2.590194803721806,7.9709400071100625,-3.0,12.826078008523794,36.05547450583941,-1.6032192354158243,0.9962781277870938,0.03458703280063388,0.004457132903486411,0.005030329616364217,-20.0,0 0 1 0,0.85,-7.549516567451064e-15,2.3447910280083306e-13,0.0,0.0,0.0,-1.1324274851176597e-14,-8.881784197001252e-16,5.6690763194922056e-15,1.4155343563970746e-15,3.765412773807514e-05,0.0,0.0,0.0
wXtalk_T4_R09,wXtalk,4,9,config_com_dj_200G_CAKR_178_PKGB_06_2_2025__Case4_sweep_TxFFE.xlsx,HH_5in_DAC_Y_0p5m_HN_3in_thru_TP0_Tx7_to_TP5_Rx7.s4p,3,2,1.5368006046544163,10.999782223898102,-17.0,14.70364353980927,15.801009473667191,0.2575533925191905,1.7671760731573114,0.004689760627954525,1.1800360829802859e-05,0.00011659732716628985,-20.0,0 0 1 0,0.85,-2.5757174171303632e-14,1.0729195309977513e-12,0.0,0.0,1.3677947663381929e-13,-1.3877787807814457e-14,1.1102230246251565e-15,1.5491080640472887e-15,1.9422699379088711e-07,7.196391919872536e-17,0.0,0.0,1.1102230246251565e-16
wXtalk_T4_R10,wXtalk,4,10,config_com_dj_200G_CAKR_178_PKGB_06_2_2025__Case4_sweep_TxFFE.xlsx,HH_5in_DAC_Y_1p0m_HL_2in_thru_TP0_Tx7_to_TP5_Rx7.s4p,3,2,-0.37364425935508827,9.525921492047315,-16.0,13.87578983664477,21.488696220463282,-0.6914925511665466,1.3917306515351127,0.014303778247746228,0.00035395186327636296,0.0009715342460092286,-20.0,0 0 1 0,0.85,2.220446049250313e-15,-1.0054179711005418e-12,0.0,0.0,0.0,2.853273173286652e-14,8.881784197001252e-16,-1.0286910212542466e-14,-5.664956351236761e-16,-1.316329857614651e-15,0.0,0.0,0.0
wXtalk_T4_R11,wXtalk,4,11,config_com_dj_200G_CAKR_178_PKGB_06_2_2025__Case4_sweep_TxFFE.xlsx,HN_3in_DAC_Y_1p0m_HN_3in_thru_TP0_Tx7_to_TP5_Rx7.s4p,3,2,0.3662787629034421,10.075614642105553,-16.0,14.374786258899743,19.799606790024768,-0.3668257907633735,1.5037373294138945,0.009740804998581248,0.00011263251370698414,0.00046996132829819415,-20.0,0 0 1 0,0.85,-8.215650382226158e-15,-1.63069557856943e-12,0.0,0.0,0.0,2.55351295663786e-15,1.3322676295501878e-15,-6.843484112728504e-15,1.4719091606302167e-06,-6.261267546103788e-16,0.0,0.0,0.0
wXtalk_T4_R12,wXtalk,4,12,config_com_dj_200G_CAKR_178_PKGB_06_2_2025__Case4_sweep_TxFFE.xlsx,HN_3in_DAC_Y_1p5m_HL_2in_thru_TP0_Tx7_to_TP5_Rx7.s4p,3,2,-1.7717247210424723,8.50447096666864,-15.0,14.066696194769378,27.696317056938824,-1.1396540872590242,1.1985235602352007,0.025714447639961512,0.001988084939168205,0.002910836634971745,-20.0,0 0 1 0,0.85,-1.8207657603852567e-14,-2.2737367544323206e-13,0.0,0.0,0.0,-2.6645352591003757e-15,-1.1102230246251565e-15,-3.920475055707584e-15,-5.789639601072594e-16,2.46608949576641e-05,0.0,0.0,0.0
wXtalk_T4_R13,wXtalk,4,13,config_com_dj_200G_CAKR_178_PKGB_06_2_2025__Case4_sweep_TxFFE.xlsx,HH_5in_DAC_Z_0p5m_HN_3in_thru_TP0_Tx7_to_TP5_Rx7.s4p,3,2,1.282177435747373,10.739406874284157,-12.0,15.756247911920845,17.250527440955434,0.07640482576202773,0.9078118411839655,0.005721484231593915,2.0162792887637804e-05,0.00016993911894802125,-20.0,0 0 1 0,0.85,0.0,1.4566126083082054e-12,0.0,0.0,3.552713678800501e-15,-2.609024107869118e-15,1.1102230246251565e-15,9.514958265732787e-16,3.14997608777119e-07,2.342547197140422e-06,0.0,0.0,0.0
wXtalk_T4_R14,wXtalk,4,14,config_com_dj_200G_CAKR_178_PKGB_06_2_2025__Case4_sweep_TxFFE.xlsx,HH_5in_DAC_Z_1p0m_HL_2in_thru_TP0_Tx7_to_TP5_Rx7.s4p,3,2,-0.5859609121252534,9.322807768715247,-7.0,14.836836133184113,21.752757462217232,-0.7937039232428023,0.7675152711307884,0.01627503839338186,0.00048163450493217863,0.0012298096491545664,-20.0,0 0 1 0,0.85,2.1649348980190553e-14,1.1404210908949608e-12,0.0,0.0,0.0,3.8191672047105385e-14,1.4432899320127035e-15,-4.163336342344337e-17,2.5478751053409354e-18,3.903127820947816e-18,0.0,0.0,0.0
wXtalk_T4_R15,wXtalk,4,15,config_com_dj_200G_CAKR_178_PKGB_06_2_2025__Case4_sweep_TxFFE.xlsx,HN_3in_DAC_Z_1p0m_HN_3in_thru_TP0_Tx7_to_TP5_Rx7.s4p,3,2,-1.5042761884613833,8.666624385830467,-4.0,13.962045656095833,24.543854301394333,-1.319632983194409,1.5017882538446907,0.024563359918453286,0.0015118894336788268,0.0026323302269459442,-20.0,0 0 1 0,0.85,6.217248937900877e-15,1.0231815394945443e-12,0.0,0.0,0.0,8.415490526658687e-14,-8.881784197001252e-16,-4.666406150377611e-15,1.382206646423096e-05,-2.301224028554644e-05,0.0,0.0,0.0
wXtalk_T4_R16,wXtalk,4,16,config_com_dj_200G_CAKR_178_PKGB_06_2_2025__Case4_sweep_TxFFE.xlsx,HN_3in_DAC_Z_1p5m_HL_2in_thru_TP0_Tx7_to_TP5_Rx7.s4p,3,2,-3.393488681176139,7.342109637783775,2.0,13.230870127907902,313.07119549054045,-2.0896492138063043,1.3048469458085488,0.04669972019334057,0.00865344899370886,0.00865344899370886,-20.0,0 0 1 0,0.85,-7.105427357601002e-15,-4.920508445138694e-13,0.0,0.0,0.0,-6.261657858885883e-14,8.881784197001252e-16,-1.0672018824209317e-14,-3.738329090730019e-15,-3.738329090730019e-15,0.0,0.0,0.0
wXtalk_T4_R17,wXtalk,4,17,config_com_dj_200G_CAKR_178_PKGB_06_2_2025__Case4_sweep_TxFFE.xlsx,Tx_NPC_250mm_32AWG_BPK_100mm_27AWG_BPK_250mm_32AWG_NPC_Rx_thru1.s4p,3,4,3.536584555332884,12.741673153092547,-21.0,11.630659581067992,9.512981372510183,2.0415154222918357,1.5237525851314997,0.000719518968570573,4.3792101388790745e-08,2.9833983548479256e-06,-20.0,0 0 1 0,0.8105266413,-2.1316282072803006e-14,-1.0036416142611415e-12,0.0,0.0,4.263256414560601e-14,3.206324095117452e-13,-4.440892098500626e-16,1.6154612370034016e-17,2.9977025398921723e-21,1.418780186650953e-19,0.0,0.0,8.337774914934926e-14
wXtalk_T4_R18,wXtalk,4,18,config_com_dj_200G_CAKR_178_PKGB_06_2_2025__Case4_sweep_TxFFE.xlsx,Tx_NPC_250mm_32AWG_BPK_300mm_27AWG_BPK_250mm_32AWG_NPC_Rx_thru1.s4p,3,4,2.9538236974223246,12.22923790618973,-22.0,11.750789051400773,10.803692205810023,1.3894543389305885,1.3983825000346228,0.0013428969863653218,3.055229238549234e-07,1.040907750293798e-05,-19.0,0 0 1 0,0.8329352151,4.884981308350689e-15,4.476419235288631e-13,0.0,0.0,-1.4210854715202004e-14,2.0627943797535409e-13,-1.1102230246251565e-15,4.96564594998361e-17,6.793859032993938e-09,1.990145041196521e-07,0.0,0.0,7.849276784099857e-14
wXtalk_T4_R19,wXtalk,4,19,config_com_dj_200G_CAKR_178_PKGB_06_2_2025__Case4_sweep_TxFFE.xlsx,Tx_NPC_250mm_32AWG_BPK_500mm_27AWG_BPK_250mm_32AWG_NPC_Rx_thru1.s4p,3,4,2.2205069857924977,11.598745107054613,-22.0,11.83859428225629,12.933857032269334,0.7381606435703167,1.2967537077243296,0.0026470591798030286,2.289872053715945e-06,3.832115777372727e-05,-20.0,0 0 1 0,0.85,5.329070518200751e-15,1.8527401834944612e-12,0.0,0.0,-1.7763568394002505e-14,-1.0325074129013956e-14,-2.220446049250313e-16,-2.2941717969793274e-16,-4.436328200156484e-08,-6.452771031987563e-07,0.0,0.0,0.0
wXtalk_T4_R20,wXtalk,4,20,config_com_dj_200G_CAKR_178_PKGB_06_2_2025__Case4_sweep_TxFFE.xlsx,Tx_NPC_250mm_32AWG_BPK_700mm_27AWG_BPK_250mm_32AWG_NPC_Rx_thru1.s4p,3,4,1.293140134830789,10.859554066795242,-21.0,11.906745982525555,17.181924182398237,0.1353435895659512,1.2140862104630192,0.005348476795685618,1.9986839555936465e-05,0.00015050351840938624,-20.0,0 0 1 0,0.85,2.4424906541753444e-15,-1.042721464727947e-12,0.0,0.0,-1.0658141036401503e-14,2.609024107869118e-15,2.220446049250313e-16,1.0148132334464322e-15,9.269928574751063e-18,2.104930606788033e-06,0.0,0.0,1.1102230246251565e-16
wXtalk_T4_R21,wXtalk,4,21,config_com_dj_200G_CAKR_178_PKGB_06_2_2025__Case4_sweep_TxFFE.xlsx,Tx_NPC_250mm_32AWG_BPK_900mm_27AWG_BPK_250mm_32AWG_NPC_Rx_thru1.s4p,3,4,0.1746764279161802,10.003414099423477,-22.0,11.95133307561376,20.443459579023852,-0.4584167073768556,1.1464544285973735,0.01062131708538914,0.00015308358765435596,0.0005547347228275873,-20.0,0 0 1 0,0.85,0.0,1.2825296380469808e-12,0.0,0.0,0.0,1.559863349598345e-14,2.220446049250313e-16,-8.621575675604731e-16,-1.9558740800136815e-06,-7.958043946043603e-17,0.0,0.0,0.0
wXtalk_T4_R22,wXtalk,4,22,config_com_dj_200G_CAKR_178_PKGB_06_2_2025__Case4_sweep_TxFFE.xlsx,Tx_NPC_250mm_32AWG_BPK_1200mm_27AWG_BPK_250mm_32AWG_NPC_Rx_thru1.s4p,3,4,-1.6580404230016232,8.642044154062035,-21.0,12.003065745741555,27.135477056993636,-1.1828862801608002,1.0694818281685954,0.024540031761572975,0.0017625727997247274,0.0026469835408632235,-20.0,0 0 1 0,0.85,-8.881784197001252e-16,-3.1441516057384433e-13,0.0,0.0,0.0,-4.440892098500626e-15,4.440892098500626e-16,-1.0408340855860843e-15,-1.5949296022894693e-05,-2.3035999715989488e-05,0.0,0.0,0.0
wXtalk_T4_R23,wXtalk,4,23,config_com_dj_200G_CAKR_178_PKGB_06_2_2025__Case4_sweep_TxFFE.xlsx,Tx_NPC_250mm_32AWG_BPK_1400mm_27AWG_BPK_250mm_32AWG_NPC_Rx_thru1.s4p,3,4,-3.0089881892176136,7.705728156507541,-22.0,12.027313509232158,313.07119549054045,-1.6598668174542504,1.030615004307739,0.03918421283545311,0.006303114456219109,0.006303114456219109,-20.0,0 0 1 0,0.85,-2.6645352591003757e-15,1.921129921811371e-12,0.0,0.0,0.0,5.551115123125783e-14,-4.440892098500626e-16,1.0602629885170245e-14,3.1051550219984847e-15,3.1051550219984847e-15,0.0,0.0,0.0
wXtalk_T4_R24,wXtalk,4,24,config_com_dj_200G_CAKR_178_PKGB_06_2_2025__Case4_sweep_TxFFE.xlsx,li_dj_CR_Design_C_Rev1_THRU.s4p,2,1,-0.6952421251842184,9.257407694490677,-7.0,16.232681478737035,22.60667536990013,-0.7715804284707815,0.8731272731456239,0.01658289366568695,0.0005487444150689625,0.001263161517814656,-20.0,0 0 1 0,0.85,1.6431300764452317e-14,-1.170619157164765e-12,0.0,0.0,0.0,-6.106226635438361e-15,1.3322676295501878e-15,-3.7816971776294395e-15,-5.945508252749713e-06,-5.520757462296189e-16,0.0,0.0,0.0
wXtalk_T4_R25,wXtalk,4,25,config_com_dj_200G_CAKR_178_PKGB_06_2_2025__Case4_sweep_TxFFE.xlsx,li_dj_CR_Design_B_Rev1_THRU.s4p,2,1,-0.4893659253463609,9.401351365455906,-11.0,15.836549466657567,21.93420582935346,-0.6953914123606093,0.775392974664543,0.015074781293168214,0.0004198744950679949,0.001071228764093092,-20.0,0 0 1 0,0.85,-8.659739592076221e-15,4.192202140984591e-13,0.0,0.0,0.0,4.3298697960381105e-15,1.1102230246251565e-15,-4.119968255444917e-15,-2.631900773708562e-16,-5.705071831618724e-16,0.0,0.0,0.0
wXtalk_T4_R26,wXtalk,4,26,config_com_dj_200G_CAKR_178_PKGB_06_2_2025__Case4_sweep_TxFFE.xlsx,li_dj_CR_Design_A_Rev1_THRU.s4p,2,1,-1.5074627860839496,8.71014309048974,-16.0,15.650321115721875,26.444385894678362,-1.0669925470795676,1.988352751695861,0.022980145717687316,0.0014882636513337045,0.0023436359438873846,-20.0,0 0 1 0,0.85,6.661338147750939e-15,8.739675649849232e-13,0.0,0.0,0.0,4.6851411639181606e-14,-4.440892098500626e-16,-3.0878077872387166e-15,-1.386041194627167e-05,-2.091968891498614e-05,0.0,0.0,0.0
woXtalk_T1_R01,woXtalk,1,1,config_com_dj_200G_CAKR_178_PKGA_06_2_2025__Case1.xlsx,Tx_PCB_4dB_OSFP_22dB_OSFP_4dB_PCB_Rx_TP0_TP5_VendorX_thru1.s4p,0,0,3.495902660288406,12.692481231866715,-6.0,10.463367429754785,9.594503389563096,2.4236666522261303,0.0,0.0007078505853032812,4.47743668107227e-08,2.7554897460869856e-06,-20.0,1,0.8014847024,0.0,4.973799150320701e-13,0.0,0.0,1.7763568394002505e-15,7.638334409421077e-14,0.0,-1.984089975648473e-17,-2.7131524091739308e-21,-1.257843926672636e-19,0.0,0.0,2.864375403532904e-14
woXtalk_T1_R02,woXtalk,1,2,config_com_dj_200G_CAKR_178_PKGA_06_2_2025__Case1.xlsx,Tx_PCB_4dB_OSFP_27dB_OSFP_4dB_PCB_Rx_TP0_TP5_VendorX_thru1.s4p,0,0,2.2521594723979694,11.527538398521084,-6.0,10.495295547917436,12.826064995945295,0.81934719410417,0.0,0.0028273458076707174,2.0289279167362133e-06,4.23787103366543e-05,-20.0,1,0.85,-7.105427357601002e-15,4.583000645652646e-13,0.0,0.0,2.4868995751603507e-14,-3.4416913763379853e-15,0.0,5.594483210025203e-16,1.0600617334887569e-18,-7.097291578309257e-07,0.0,0.0,0.0
woXtalk_T1_R03,woXtalk,1,3,config_com_dj_200G_CAKR_178_PKGA_06_2_2025__Case1.xlsx,Tx_PCB_4dB_OSFP_22dB_OSFP_4dB_PCB_Rx_TP0_TP5_VendorY_thru1.s4p,0,0,3.966183967099085,13.149261533693517,-15.0,9.650803469195354,8.716591130718847,3.003855151859731,0.0,0.00038386230746820043,8.23274303933357e-09,8.539217564377864e-07,-17.0,1,0.8107545238,1.7319479184152442e-14,5.488942633746774e-13,0.0,0.0,-2.842170943040401e-14,-5.342393194496253e-13,0.0,-2.7056265214375763e-16,-2.4154361175627787e-10,-1.1498472258977127e-18,0.0,0.0,1.254552017826427e-13
woXtalk_T1_R04,woXtalk,1,4,config_com_dj_200G_CAKR_178_PKGA_06_2_2025__Case1.xlsx,Tx_PCB_4dB_OSFP_27dB_OSFP_4dB_PCB_Rx_TP0_TP5_VendorY_thru1.s4p,0,0,2.196927629301311,11.581330067062904,-14.0,9.6745823454132,13.015294340446326,0.7599737042822399,0.0,0.0025776109781035753,2.397785847125102e-06,3.66731939072517e-05,-19.0,1,0.85,-3.552713678800501e-15,-1.5631940186722204e-13,0.0,0.0,1.7763568394002505e-14,-8.659739592076221e-15,0.0,-4.44956571588051e-16,-1.0117808554952618e-18,6.129143174856216e-07,0.0,0.0,0.0
woXtalk_T1_R05,woXtalk,1,5,config_com_dj_200G_CAKR_178_PKGA_06_2_2025__Case1.xlsx,HH_5in_DAC_X_0p5m_HN_3in_thru_TP0_Tx7_to_TP5_Rx7.s4p,0,0,5.214800956551228,14.329107897161421,-12.0,14.774742624150129,6.908869751987473,6.030092228448361,0.0,5.604717153182974e-05,2.132901120405817e-11,1.5959352753088295e-08,-17.0,1,0.7155620915,1.2434497875801753e-14,7.229772336359019e-13,0.0,0.0,-1.4210854715202004e-14,-7.771561172376096e-13,0.0,-2.553296116203363e-17,8.33119243673097e-13,-1.4277137372665258e-20,0.0,0.0,1.170175067954915e-13
woXtalk_T1_R06,woXtalk,1,6,config_com_dj_200G_CAKR_178_PKGA_06_2_2025__Case1.xlsx,HH_5in_DAC_X_1p0m_HL_2in_thru_TP0_Tx7_to_TP5_Rx7.s4p,0,0,4.853501558645519,13.852211364609124,-11.0,13.798885244982174,7.369224373531222,4.238486413391203,0.0,0.0001263670937419586,1.5163371547915712e-10,8.67051271541788e-08,-18.0,1,0.7808559341,0.0,-2.575717417130363e-13,0.0,0.0,-8.881784197001252e-16,9.237055564881302e-14,0.0,5.041540102057596e-18,1.3105642830137032e-23,-2.574024875183996e-09,0.0,0.0,2.4646951146678475e-14
woXtalk_T1_R07,woXtalk,1,7,config_com_dj_200G_CAKR_178_PKGA_06_2_2025__Case1.xlsx,HN_3in_DAC_X_1p0m_HN_3in_thru_TP0_Tx7_to_TP5_Rx7.s4p,0,0,3.5987405824742575,12.704507040348137,-7.0,13.773400953924133,9.390607927443455,2.9168263136277304,0.0,0.0007574723703881988,2.9703905334146665e-08,3.06007111983817e-06,-17.0,1,0.80762426,7.105427357601002e-15,2.007283228522283e-13,0.0,0.0,-1.2434497875801753e-14,8.304468224196171e-14,0.0,1.317305639569888e-16,-7.988468199617279e-10,-6.81430710594904e-08,0.0,0.0,3.319566843629218e-14
woXtalk_T1_R08,woXtalk,1,8,config_com_dj_200G_CAKR_178_PKGA_06_2_2025__Case1.xlsx,HN_3in_DAC_X_1p5m_HL_2in_thru_TP0_Tx7_to_TP5_Rx7.s4p,0,0,3.223018185254889,12.27574686039917,-5.0,12.826078008523794,10.172766123314558,1.9877729823053314,0.0,0.0012851926322766589,1.1238484608629243e-07,8.869455178930552e-06,-18.0,1,0.85,4.884981308350689e-15,2.071232074740692e-12,0.0,0.0,-8.881784197001252e-15,5.218048215738236e-14,0.0,2.38524477946811e-16,-2.7191937642198708e-09,-1.7736225191753463e-07,0.0,0.0,0.0
woXtalk_T1_R09,woXtalk,1,9,config_com_dj_200G_CAKR_178_PKGA_06_2_2025__Case1.xlsx,HH_5in_DAC_Y_0p5m_HN_3in_thru_TP0_Tx7_to_TP5_Rx7.s4p,0,0,5.6038271657201415,14.716101526196733,-15.0,14.70364353980927,6.458382920999287,6.6210170829471595,0.0,2.5654794337567008e-05,2.829209710108668e-12,3.416454950313398e-09,-17.0,1,0.69667513,-1.509903313490213e-14,-8.704148513061227e-13,0.0,0.0,1.7763568394002505e-14,-1.5161205624281138e-12,0.0,-2.7149100025394834e-17,-7.576699761172972e-24,-6.806042080086312e-21,0.0,0.0,1.6642243139131097e-13
woXtalk_T1_R10,woXtalk,1,10,config_com_dj_200G_CAKR_178_PKGA_06_2_2025__Case1.xlsx,HH_5in_DAC_Y_1p0m_HL_2in_thru_TP0_Tx7_to_TP5_Rx7.s4p,0,0,5.137706987896225,14.216779333689708,-16.0,13.87578983664477,7.003496987076022,4.586791293271227,0.0,6.92677582730335e-05,3.920724324635086e-11,2.6501311469046814e-08,-16.0,1,0.7520037155,3.2862601528904634e-14,0.0,0.0,0.0,-4.1744385725905886e-14,4.716227408607665e-13,0.0,-1.4772254600114998e-17,-1.523091082847456e-12,-1.1769125755404478e-20,0.0,0.0,7.460698725481052e-14
woXtalk_T1_R11,woXtalk,1,11,config_com_dj_200G_CAKR_178_PKGA_06_2_2025__Case1.xlsx,HN_3in_DAC_Y_1p0m_HN_3in_thru_TP0_Tx7_to_TP5_Rx7.s4p,0,0,5.065758229622686,14.19758534410975,-14.0,14.374786258899743,7.0935216359112765,4.973880090658389,0.0,7.106483938447457e-05,5.0682851922416874e-11,2.6572912292206452e-08,-18.0,1,0.7154652189,1.5987211554602254e-14,-1.2647660696529783e-12,0.0,0.0,-2.042810365310288e-14,-1.4193091146808001e-12,0.0,-7.827939685345342e-17,-1.973931443302474e-12,-8.585085281970337e-10,0.0,0.0,2.0972112935169207e-13
woXtalk_T1_R12,woXtalk,1,12,config_com_dj_200G_CAKR_178_PKGA_06_2_2025__Case1.xlsx,HN_3in_DAC_Y_1p5m_HL_2in_thru_TP0_Tx7_to_TP5_Rx7.s4p,0,0,4.547624764326332,13.65889194885958,-15.0,14.066696194769378,7.795424391892235,3.263909771318088,0.0,0.00018399503264481665,7.786668729580138e-10,2.0050998836166035e-07,-17.0,1,0.7804560754,-1.5987211554602254e-14,-4.991562718714704e-13,0.0,0.0,2.398081733190338e-14,-4.0945025148175773e-13,0.0,-8.521829075736065e-17,-9.69145485182441e-22,-1.7975627327512355e-19,0.0,0.0,8.304468224196171e-14
woXtalk_T1_R13,woXtalk,1,13,config_com_dj_200G_CAKR_178_PKGA_06_2_2025__Case1.xlsx,HH_5in_DAC_Z_0p5m_HN_3in_thru_TP0_Tx7_to_TP5_Rx7.s4p,0,0,6.129401623646748,14.97315754813645,-11.0,15.756247911920845,5.913144238002408,6.3449650903183334,0.0,1.210594922800985e-05,7.53039665234377e-14,6.954350899886889e-10,-17.0,1,0.7565091337,-4.440892098500626e-15,3.3573144264664734e-13,0.0,0.0,4.440892098500626e-15,1.8030021919912542e-13,0.0,-2.0328790734103208e-20,-1.0349855076499675e-27,2.7122716811070078e-11,0.0,0.0,3.574918139293004e-14
woXtalk_T1_R14,woXtalk,1,14,config_com_dj_200G_CAKR_178_PKGA_06_2_2025__Case1.xlsx,HH_5in_DAC_Z_1p0m_HL_2in_thru_TP0_Tx7_to_TP5_Rx7.s4p,0,0,5.413329365848874,14.107883260397262,-8.0,14.836836133184113,6.673540544279266,4.215217274758245,0.0,7.133868178655388e-05,7.333340725571226e-12,2.7260021747768697e-08,-19.0,1,0.8438835173,-1.9539925233402755e-14,-2.753353101070388e-13,0.0,0.0,2.3092638912203256e-14,2.6911806116913795e-13,0.0,1.8011308590415442e-17,2.883792668205251e-13,8.543268985848815e-10,0.0,0.0,4.107825191113079e-14
woXtalk_T1_R15,woXtalk,1,15,config_com_dj_200G_CAKR_178_PKGA_06_2_2025__Case1.xlsx,HN_3in_DAC_Z_1p0m_HN_3in_thru_TP0_Tx7_to_TP5_Rx7.s4p,0,0,3.8249582528777184,12.782183573683232,-2.0,13.962045656095833,8.966162003114356,2.82908219931686,0.0,0.0006767263444828616,1.2364784097996265e-08,2.414340452385993e-06,-20.0,1,0.85,4.440892098500626e-15,9.130474154517287e-13,0.0,0.0,-1.0658141036401503e-14,-4.1744385725905886e-14,0.0,8.998878031629687e-18,-3.4756078994783633e-10,-5.5075592648572795e-08,0.0,0.0,1.1102230246251565e-16
woXtalk_T1_R16,woXtalk,1,16,config_com_dj_200G_CAKR_178_PKGA_06_2_2025__Case1.xlsx,HN_3in_DAC_Z_1p5m_HL_2in_thru_TP0_Tx7_to_TP5_Rx7.s4p,0,0,2.614769299582228,11.848284939331734,5.0,13.230870127907902,11.702230442726588,1.4358302669192617,0.0,0.0021874093059192174,6.830701378328909e-07,2.4303006928410737e-05,-19.0,1,0.85,-1.7763568394002505e-15,-2.469136006766348e-13,0.0,0.0,7.105427357601002e-15,-2.2648549702353193e-14,0.0,1.1058862159352145e-16,9.43382945004477e-20,2.375080384101058e-18,0.0,0.0,0.0
woXtalk_T1_R17,woXtalk,1,17,config_com_dj_200G_CAKR_178_PKGA_06_2_2025__Case1.xlsx,Tx_NPC_250mm_32AWG_BPK_100mm_27AWG_BPK_250mm_32AWG_NPC_Rx_thru1.s4p,0,0,6.684381216020819,15.828916713730337,7.0,11.630659581067992,5.403963660664026,10.353119167091636,0.0,1.6802996910384084e-06,1.028219766083412e-15,1.1842918693252605e-11,-18.0,1,0.582127302,8.881784197001252e-16,-1.1262102361797588e-12,0.0,0.0,-8.881784197001252e-16,1.63069557856943e-12,0.0,2.344163681526276e-18,4.228294451984623e-27,3.4466935914465415e-23,0.0,0.0,1.3844481117075702e-13
woXtalk_T1_R18,woXtalk,1,18,config_com_dj_200G_CAKR_178_PKGA_06_2_2025__Case1.xlsx,Tx_NPC_250mm_32AWG_BPK_300mm_27AWG_BPK_250mm_32AWG_NPC_Rx_thru1.s4p,0,0,6.580197948923735,15.627871515699328,6.0,11.750789051400773,5.494882791493234,8.480705926703514,0.0,2.895183276710094e-06,2.809666571992245e-15,3.527983470887147e-11,-18.0,1,0.6312198749,-8.881784197001252e-16,-9.769962616701378e-14,0.0,0.0,8.881784197001252e-16,1.284305994886381e-12,0.0,2.216685222964504e-18,1.5405658851715233e-16,5.1298122675358857e-23,0.0,0.0,1.4954704141700859e-13
woXtalk_T1_R19,woXtalk,1,19,config_com_dj_200G_CAKR_178_PKGA_06_2_2025__Case1.xlsx,Tx_NPC_250mm_32AWG_BPK_500mm_27AWG_BPK_250mm_32AWG_NPC_Rx_thru1.s4p,0,0,6.533651368938761,15.388243741552108,4.0,11.83859428225629,5.536170233828621,7.092413248523745,0.0,4.406260982313703e-06,3.8629672615685105e-15,8.933601234432246e-11,-17.0,1,0.7061536249,3.552713678800501e-15,-3.6770586575585185e-13,0.0,0.0,-1.7763568394002505e-15,1.2727596754302795e-12,0.0,4.28598671310676e-18,-2.186236057481428e-16,3.84405236873138e-12,0.0,0.0,1.730837695390619e-13
woXtalk_T1_R20,woXtalk,1,20,config_com_dj_200G_CAKR_178_PKGA_06_2_2025__Case1.xlsx,Tx_NPC_250mm_32AWG_BPK_700mm_27AWG_BPK_250mm_32AWG_NPC_Rx_thru1.s4p,0,0,5.969007714530013,15.153458053997857,-19.0,11.906745982525555,6.072500389907091,6.651791918280026,0.0,1.0663168053049933e-05,2.72528271394707e-13,5.738843757581718e-10,-18.0,1,0.6844304509,8.881784197001252e-15,3.4994229736184934e-12,0.0,0.0,-8.881784197001252e-15,1.3811174426336947e-12,0.0,1.3157809802648301e-17,-1.3337311024972668e-14,1.3270044976881946e-21,0.0,0.0,1.5054624213917123e-13
woXtalk_T1_R21,woXtalk,1,21,config_com_dj_200G_CAKR_178_PKGA_06_2_2025__Case1.xlsx,Tx_NPC_250mm_32AWG_BPK_900mm_27AWG_BPK_250mm_32AWG_NPC_Rx_thru1.s4p,0,0,5.623255016646759,14.816608741760199,-19.0,11.95133307561376,6.436996792031103,5.482553168843989,0.0,2.2856089623939e-05,2.6389992537870323e-12,2.9148384072451994e-09,-18.0,1,0.7072492836,-5.329070518200751e-15,-8.100187187665142e-13,0.0,0.0,7.105427357601002e-15,3.8902214782865485e-13,0.0,-5.9631119486702744e-18,-1.1713239818779803e-13,-1.5749518863009647e-21,0.0,0.0,5.484501741648273e-14
woXtalk_T1_R22,woXtalk,1,22,config_com_dj_200G_CAKR_178_PKGA_06_2_2025__Case1.xlsx,Tx_NPC_250mm_32AWG_BPK_1200mm_27AWG_BPK_250mm_32AWG_NPC_Rx_thru1.s4p,0,0,4.995081531473223,14.206877534209706,-19.0,12.003065745741555,7.183612940074245,3.78597750845309,0.0,7.35442282111291e-05,9.05479503653619e-11,3.170504404766215e-08,-20.0,1,0.7519665987,-4.440892098500626e-15,0.0,0.0,0.0,6.217248937900877e-15,-1.0444978215673473e-12,0.0,-4.56178064073276e-17,-1.3997446928045765e-22,-3.682608087086079e-20,0.0,0.0,1.7819079545233762e-13
woXtalk_T1_R23,woXtalk,1,23,config_com_dj_200G_CAKR_178_PKGA_06_2_2025__Case1.xlsx,Tx_NPC_250mm_32AWG_BPK_1400mm_27AWG_BPK_250mm_32AWG_NPC_Rx_thru1.s4p,0,0,4.424610734526752,13.692809181527807,-20.0,12.027313509232158,7.977379623600992,2.8556546435260612,0.0,0.00018535992822671962,1.4048648423801182e-09,2.1080642901522614e-07,-20.0,1,0.7811924275,1.7763568394002505e-15,-2.7498003873915877e-12,0.0,0.0,-3.552713678800501e-15,-9.596767824859853e-13,0.0,-1.163891032163189e-16,-2.1581142181508492e-21,-2.455072058057386e-19,0.0,0.0,2.1549428907974288e-13
woXtalk_T1_R24,woXtalk,1,24,config_com_dj_200G_CAKR_178_PKGA_06_2_2025__Case1.xlsx,li_dj_CR_Design_C_Rev1_THRU.s4p,0,0,5.295785977143131,14.052988135205835,-9.0,16.232681478737035,6.811449934295984,4.099878372340644,0.0,7.682010306257688e-05,1.481284697276841e-11,3.202971634384497e-08,-19.0,1,0.8299594058,-3.552713678800501e-15,-8.117950756059145e-13,0.0,0.0,6.217248937900877e-15,-6.217248937900877e-14,0.0,-8.687169907040104e-18,5.684842732556579e-13,9.917600562510969e-10,0.0,0.0,9.992007221626409e-16
woXtalk_T1_R25,woXtalk,1,25,config_com_dj_200G_CAKR_178_PKGA_06_2_2025__Case1.xlsx,li_dj_CR_Design_B_Rev1_THRU.s4p,0,0,4.742559039373862,13.769528813062589,-11.0,15.836549466657567,7.5196828680970835,3.9305408670219175,0.0,0.00013618130518080814,2.688771607543434e-10,1.0250356760476164e-07,-18.0,1,0.7759389403,-5.329070518200751e-15,1.2789769243681803e-13,0.0,0.0,6.217248937900877e-15,-4.5430326167661406e-13,0.0,-2.3852447794681098e-17,-1.1337544270804936e-22,-3.239901023247699e-20,0.0,0.0,6.905587213168474e-14
woXtalk_T1_R26,woXtalk,1,26,config_com_dj_200G_CAKR_178_PKGA_06_2_2025__Case1.xlsx,li_dj_CR_Design_A_Rev1_THRU.s4p,0,0,4.61638012348682,13.809163467730286,-16.0,15.650321115721875,7.696454705343647,3.646727598956824,0.0,0.00014253236084437945,5.056699109603303e-10,1.1319650213692471e-07,-17.0,1,0.7700185365,3.019806626980426e-14,1.0302869668521453e-12,0.0,0.0,-3.8191672047105385e-14,1.5276668818842154e-13,0.0,2.518059545597584e-17,1.6899479003019963e-11,-3.2857173849243683e-09,0.0,0.0,3.0309088572266774e-14
woXtalk_T2_R01,woXtalk,2,1,config_com_dj_200G_CAKR_178_PKGA_06_2_2025__Case2.xlsx,Tx_PCB_4dB_OSFP_22dB_OSFP_4dB_PCB_Rx_TP0_TP5_VendorX_thru1.s4p,0,0,1.9100450016733155,11.257374462274182,-9.0,10.463367429754785,14.092942744554202,0.5147864559381411,0.0,0.0035533971708474887,4.904717658300225e-06,6.67250597358219e-05,-20.0,1,0.85,-5.329070518200751e-15,-6.412648190234904e-13,0.0,0.0,1.5987211554602254e-14,8.881784197001252e-16,0.0,3.0314292742694704e-16,-8.909451862691062e-08,1.054386612742153e-17,0.0,0.0,0.0
woXtalk_T2_R02,woXtalk,2,2,config_com_dj_200G_CAKR_178_PKGA_06_2_2025__Case2.xlsx,Tx_PCB_4dB_OSFP_27dB_OSFP_4dB_PCB_Rx_TP0_TP5_VendorX_thru1.s4p,0,0,-0.38921787659745444,9.514150046021797,-6.0,10.495295547917436,21.575667165344953,-0.7189316891114718,0.0,0.01443997140432895,0.0003587781143319786,0.0009844475573007046,-20.0,1,0.85,5.329070518200751e-15,-4.778399897986674e-13,0.0,0.0,0.0,4.0745185003743245e-14,0.0,-9.33975119465913e-15,-5.210675640965334e-16,-1.208018060583349e-15,0.0,0.0,0.0
woXtalk_T2_R03,woXtalk,2,3,config_com_dj_200G_CAKR_178_PKGA_06_2_2025__Case2.xlsx,Tx_PCB_4dB_OSFP_22dB_OSFP_4dB_PCB_Rx_TP0_TP5_VendorY_thru1.s4p,0,0,2.091259544731646,11.494442033338938,-15.0,9.650803469195354,13.392788046227459,0.6955484042580549,0.0,0.0027676364261744924,3.165278165095521e-06,4.1418182011892404e-05,-19.0,1,0.8480475031,-4.884981308350689e-15,4.5297099404706387e-13,0.0,0.0,2.1316282072803006e-14,1.2934098236883074e-13,0.0,8.1922316153004715e-16,2.267507199799762e-18,2.307317748320714e-17,0.0,0.0,1.3378187446733136e-13
woXtalk_T2_R04,woXtalk,2,4,config_com_dj_200G_CAKR_178_PKGA_06_2_2025__Case2.xlsx,Tx_PCB_4dB_OSFP_27dB_OSFP_4dB_PCB_Rx_TP0_TP5_VendorY_thru1.s4p,0,0,-1.0094212454010578,9.089435870550204,-13.0,9.6745823454132,24.543854301394333,-0.8647909214855023,0.0,0.018424383838086266,0.0008255392739455987,0.0015445633433263145,-20.0,1,0.85,1.4210854715202004e-14,-1.7408297026122455e-13,0.0,0.0,0.0,-1.396660564978447e-13,0.0,2.518818487118324e-15,-8.470211270537311e-06,3.8467493079785697e-16,0.0,0.0,0.0
woXtalk_T2_R05,woXtalk,2,5,config_com_dj_200G_CAKR_178_PKGA_06_2_2025__Case2.xlsx,HH_5in_DAC_X_0p5m_HN_3in_thru_TP0_Tx7_to_TP5_Rx7.s4p,0,0,4.152636340187845,13.209652817703624,-15.0,14.774742624150129,8.403561067827704,2.7079963970777445,0.0,0.00035961812835717404,4.2121810570522596e-09,7.608124723364711e-07,-19.0,1,0.8156585832,3.019806626980426e-14,-6.714628852932947e-13,0.0,0.0,-4.796163466380676e-14,4.369837824924616e-13,0.0,-4.217546450968612e-17,-1.733770563911146e-21,-2.0000565467042167e-19,0.0,0.0,1.1612932837579137e-13
woXtalk_T2_R06,woXtalk,2,6,config_com_dj_200G_CAKR_178_PKGA_06_2_2025__Case2.xlsx,HH_5in_DAC_X_1p0m_HL_2in_thru_TP0_Tx7_to_TP5_Rx7.s4p,0,0,3.2552112040146026,12.341197236562225,-12.0,13.798885244982174,10.101536186790906,1.4821149069097812,0.0,0.0011018860865871264,1.1139073463324526e-07,6.840481313669266e-06,-20.0,1,0.85,3.552713678800501e-15,1.007194327939942e-12,0.0,0.0,-7.105427357601002e-15,2.7755575615628914e-14,0.0,3.647256108241237e-16,-2.6937352158418644e-09,4.436758577718025e-18,0.0,0.0,0.0
woXtalk_T2_R07,woXtalk,2,7,config_com_dj_200G_CAKR_178_PKGA_06_2_2025__Case2.xlsx,HN_3in_DAC_X_1p0m_HN_3in_thru_TP0_Tx7_to_TP5_Rx7.s4p,0,0,1.9382002601611372,11.237869552602849,-8.0,13.773400953924133,13.97940008672034,0.5585085458103042,0.0,0.0037220457004132484,4.454455961318231e-06,7.183375376036451e-05,-20.0,1,0.85,3.552713678800501e-15,1.4246381851990009e-12,0.0,0.0,-1.4210854715202004e-14,-3.4416913763379853e-15,0.0,-1.6566609195578508e-16,-5.175371307723775e-19,-6.1663998560113065e-18,0.0,0.0,0.0
woXtalk_T2_R08,woXtalk,2,8,config_com_dj_200G_CAKR_178_PKGA_06_2_2025__Case2.xlsx,HN_3in_DAC_X_1p5m_HL_2in_thru_TP0_Tx7_to_TP5_Rx7.s4p,0,0,1.0259081195238222,10.551966046578809,-5.0,12.826078008523794,18.215536313164648,-0.09063242900216387,0.0,0.006939626176307895,3.3713983822861835e-05,0.0002428863018799306,-20.0,1,0.85,-1.4432899320127035e-14,-1.0338396805309458e-12,0.0,0.0,0.0,-1.301736496372996e-14,0.0,-6.739400704169896e-16,-7.697835424647081e-18,-4.344940206235659e-17,0.0,0.0,0.0
woXtalk_T2_R09,woXtalk,2,9,config_com_dj_200G_CAKR_178_PKGA_06_2_2025__Case2.xlsx,HH_5in_DAC_Y_0p5m_HN_3in_thru_TP0_Tx7_to_TP5_Rx7.s4p,0,0,4.554452889827607,13.63338995735808,-17.0,14.70364353980927,7.785509844409638,3.1091294432029297,0.0,0.00019473557315075613,7.504968663698801e-10,2.2098185740634619e-07,-19.0,1,0.8031047665,2.1316282072803006e-14,2.469136006766348e-13,0.0,0.0,-3.019806626980426e-14,5.360156762890256e-13,0.0,1.1207939958068902e-16,-2.477144143851218e-11,2.4100734327345014e-19,0.0,0.0,1.0680345496894006e-13
woXtalk_T2_R10,woXtalk,2,10,config_com_dj_200G_CAKR_178_PKGA_06_2_2025__Case2.xlsx,HH_5in_DAC_Y_1p0m_HL_2in_thru_TP0_Tx7_to_TP5_Rx7.s4p,0,0,3.4338660533598633,12.595773200419663,-16.0,13.87578983664477,9.721061511731758,1.5722370470784641,0.0,0.0008251011825770575,6.31999490645471e-08,3.931594192822548e-06,-20.0,1,0.8394069807,1.0658141036401503e-14,-1.5543122344752192e-12,0.0,0.0,-2.1316282072803006e-14,1.98507876802978e-13,0.0,1.6631661325927638e-16,-1.5970125571086852e-09,-8.422616122044658e-08,0.0,0.0,8.026912468039882e-14
woXtalk_T2_R11,woXtalk,2,11,config_com_dj_200G_CAKR_178_PKGA_06_2_2025__Case2.xlsx,HN_3in_DAC_Y_1p0m_HN_3in_thru_TP0_Tx7_to_TP5_Rx7.s4p,0,0,3.831203021467258,12.958312499137515,-17.0,14.374786258899743,8.954886433064043,2.073303511879846,0.0,0.0005246918729558449,1.464683706396516e-08,1.6309337024282935e-06,-20.0,1,0.8246373943,-2.4868995751603507e-14,1.0533796057643485e-12,0.0,0.0,4.440892098500626e-14,-8.43769498715119e-15,0.0,3.7730235602495554e-17,3.1151621868747022e-21,3.7154951601509646e-08,0.0,0.0,1.3211653993039363e-14
woXtalk_T2_R12,woXtalk,2,12,config_com_dj_200G_CAKR_178_PKGA_06_2_2025__Case2.xlsx,HN_3in_DAC_Y_1p5m_HL_2in_thru_TP0_Tx7_to_TP5_Rx7.s4p,0,0,2.389641616297409,11.701505933830367,-15.0,14.066696194769378,12.377075719066426,0.7536611980598203,0.0,0.0023034964970132456,1.536333134892817e-06,2.977359615821924e-05,-20.0,1,0.85,-8.881784197001252e-15,2.362554596402333e-13,0.0,0.0,2.4868995751603507e-14,1.2989609388114332e-14,0.0,5.473052566706826e-16,3.0204656387999424e-08,5.084621352564907e-07,0.0,0.0,1.1102230246251565e-16
woXtalk_T2_R13,woXtalk,2,13,config_com_dj_200G_CAKR_178_PKGA_06_2_2025__Case2.xlsx,HH_5in_DAC_Z_0p5m_HN_3in_thru_TP0_Tx7_to_TP5_Rx7.s4p,0,0,4.480116916970431,13.35324893307066,-14.0,15.756247911920845,7.894486422806827,2.623945783479355,0.0,0.00027024144964485526,1.0056634474724627e-09,4.209231502540728e-07,-19.0,1,0.8462293256,6.217248937900877e-15,1.1723955140041653e-13,0.0,0.0,-1.0658141036401503e-14,-2.0472512574087887e-13,0.0,-3.290553593493506e-17,-3.2135413572017844e-11,-1.0996009115681944e-08,0.0,0.0,4.574118861455645e-14
woXtalk_T2_R14,woXtalk,2,14,config_com_dj_200G_CAKR_178_PKGA_06_2_2025__Case2.xlsx,HH_5in_DAC_Z_1p0m_HL_2in_thru_TP0_Tx7_to_TP5_Rx7.s4p,0,0,3.076114350956063,12.15159262527334,-8.0,14.836836133184113,10.508949138576092,1.2750691261810598,0.0,0.001363916976821001,1.9346467956233045e-07,1.0235130415187448e-05,-20.0,1,0.85,-6.217248937900877e-15,7.016609515630989e-13,0.0,0.0,1.4210854715202004e-14,-3.708144902248023e-14,0.0,-3.686287386450715e-17,-4.510111090212673e-09,-6.301925127571995e-19,0.0,0.0,1.1102230246251565e-16
woXtalk_T2_R15,woXtalk,2,15,config_com_dj_200G_CAKR_178_PKGA_06_2_2025__Case2.xlsx,HN_3in_DAC_Z_1p0m_HN_3in_thru_TP0_Tx7_to_TP5_Rx7.s4p,0,0,2.0369575507514788,11.300439580162507,-3.0,13.962045656095833,13.595230546350852,0.5835505867310773,0.0,0.003572664055946198,3.5332349978762582e-06,6.699057683453167e-05,-20.0,1,0.85,-1.554312234475219e-14,-1.2256862191861728e-12,0.0,0.0,6.394884621840902e-14,-1.3877787807814457e-14,0.0,-8.586881206085195e-17,6.462900093668878e-08,-3.2526065174565133e-18,0.0,0.0,0.0
woXtalk_T2_R16,woXtalk,2,16,config_com_dj_200G_CAKR_178_PKGA_06_2_2025__Case2.xlsx,HN_3in_DAC_Z_1p5m_HL_2in_thru_TP0_Tx7_to_TP5_Rx7.s4p,0,0,0.3801178125804354,10.077656233830849,3.0,13.230870127907902,19.336404845570485,-0.5044203576124485,0.0,0.0102409383689478,0.0001073400848177837,0.0005002084800370838,-19.0,1,0.85,0.0,8.704148513061227e-13,0.0,0.0,0.0,7.882583474838611e-15,0.0,1.0096090630185017e-15,2.405573570202213e-17,5.932756851165341e-06,0.0,0.0,0.0
woXtalk_T2_R17,woXtalk,2,17,config_com_dj_200G_CAKR_178_PKGA_06_2_2025__Case2.xlsx,Tx_NPC_250mm_32AWG_BPK_100mm_27AWG_BPK_250mm_32AWG_NPC_Rx_thru1.s4p,0,0,5.645403493513298,14.845510770996844,-20.0,11.630659581067992,6.412737911994757,5.991026125001577,0.0,2.2731684893635173e-05,2.363315744511262e-12,2.8706553634643773e-09,-19.0,1,0.7017155608,-3.8191672047105385e-14,-3.668176873361517e-12,0.0,0.0,4.085620730620576e-14,1.0977885267493548e-12,0.0,-8.778649465343569e-18,1.0081110515942889e-13,1.0242035431879172e-10,0.0,0.0,1.397770788003072e-13
woXtalk_T2_R18,woXtalk,2,18,config_com_dj_200G_CAKR_178_PKGA_06_2_2025__Case2.xlsx,Tx_NPC_250mm_32AWG_BPK_300mm_27AWG_BPK_250mm_32AWG_NPC_Rx_thru1.s4p,0,0,5.387455056521599,14.605566782819459,-20.0,11.750789051400773,6.703551262905085,4.953831294778374,0.0,3.725499134447906e-05,1.1132627753587273e-11,8.116139232778654e-09,-18.0,1,0.7399481054,1.1546319456101628e-14,7.72715225139109e-13,0.0,0.0,-1.687538997430238e-14,1.4868106745780096e-12,0.0,1.7597956512155344e-17,1.2876229457124278e-23,7.090592210804553e-21,0.0,0.0,1.9328982858723975e-13
woXtalk_T2_R19,woXtalk,2,19,config_com_dj_200G_CAKR_178_PKGA_06_2_2025__Case2.xlsx,Tx_NPC_250mm_32AWG_BPK_500mm_27AWG_BPK_250mm_32AWG_NPC_Rx_thru1.s4p,0,0,5.03043814292222,14.244656233218256,-20.0,11.83859428225629,7.1383355729235145,3.9441862094312263,0.0,7.224785521783172e-05,7.631770711966605e-11,3.0454872303911004e-08,-19.0,1,0.7610319674,3.2862601528904634e-14,1.13509202037676e-12,0.0,0.0,-3.907985046680551e-14,5.013767179207207e-13,0.0,8.117963766485214e-18,-2.873156014706714e-12,-9.626211189043097e-10,0.0,0.0,7.738254481637341e-14
woXtalk_T2_R20,woXtalk,2,20,config_com_dj_200G_CAKR_178_PKGA_06_2_2025__Case2.xlsx,Tx_NPC_250mm_32AWG_BPK_700mm_27AWG_BPK_250mm_32AWG_NPC_Rx_thru1.s4p,0,0,4.521304680350401,13.751253559377343,-21.0,11.906745982525555,7.833821187900718,3.0314348607440986,0.0,0.0001645371662079208,8.789647523029401e-10,1.654963917495108e-07,-19.0,1,0.7881588229,1.1546319456101628e-14,1.014299755297543e-12,0.0,0.0,-1.2434497875801753e-14,1.438849039914203e-13,0.0,3.8868647883605334e-17,5.573129377076024e-22,7.628590481209042e-20,0.0,0.0,2.8976820942716586e-14
woXtalk_T2_R21,woXtalk,2,21,config_com_dj_200G_CAKR_178_PKGA_06_2_2025__Case2.xlsx,Tx_NPC_250mm_32AWG_BPK_900mm_27AWG_BPK_250mm_32AWG_NPC_Rx_thru1.s4p,0,0,3.832745740625905,13.108456786833461,-21.0,11.95133307561376,8.95210439592505,2.125818961599659,0.0,0.0004287955304774346,1.5320095800844067e-08,1.1178223939344238e-06,-20.0,1,0.8108088447,-7.549516567451064e-15,-7.65609797781508e-13,0.0,0.0,1.2434497875801753e-14,2.6556534749033744e-13,0.0,2.8053731213062427e-16,2.5387827360477525e-20,1.3893457917338661e-18,0.0,0.0,7.771561172376096e-14
woXtalk_T2_R22,woXtalk,2,22,config_com_dj_200G_CAKR_178_PKGA_06_2_2025__Case2.xlsx,Tx_NPC_250mm_32AWG_BPK_1200mm_27AWG_BPK_250mm_32AWG_NPC_Rx_thru1.s4p,0,0,2.5569252802226394,12.012119635827837,-22.0,12.003065745741555,11.869048166683514,1.0136246379608935,0.0,0.001753190020051964,9.625647454447067e-07,1.7313510465633063e-05,-20.0,1,0.8410366733,-3.1086244689504383e-15,8.526512829121202e-14,0.0,0.0,1.2434497875801753e-14,1.1102230246251565e-13,0.0,6.06069014419397e-16,1.984150185911618e-08,-3.185383413734624e-07,0.0,0.0,6.938893903907228e-14
woXtalk_T2_R23,woXtalk,2,23,config_com_dj_200G_CAKR_178_PKGA_06_2_2025__Case2.xlsx,Tx_NPC_250mm_32AWG_BPK_1400mm_27AWG_BPK_250mm_32AWG_NPC_Rx_thru1.s4p,0,0,1.6159402531868818,11.204969262819322,-21.0,12.027313509232158,15.40322752443814,0.3654073479275035,0.0,0.003925243658513928,1.0124665105127235e-05,8.358779166607896e-05,-20.0,1,0.85,-7.327471962526033e-15,2.8919089345436078e-12,0.0,0.0,3.907985046680551e-14,-2.170486013142181e-14,0.0,3.452099717193846e-16,2.315788077793257e-18,1.4840017235895342e-17,0.0,0.0,2.220446049250313e-16
woXtalk_T2_R24,woXtalk,2,24,config_com_dj_200G_CAKR_178_PKGA_06_2_2025__Case2.xlsx,li_dj_CR_Design_C_Rev1_THRU.s4p,0,0,3.0906751554941465,12.20712478562447,-10.0,16.232681478737035,10.474781994145312,1.291311494396625,0.0,0.0012496911900281417,1.8606220547633704e-07,8.67792899520712e-06,-19.0,1,0.85,1.865174681370263e-14,8.881784197001252e-14,0.0,0.0,-4.618527782440651e-14,3.3084646133829665e-14,0.0,2.2551405187698492e-17,-4.372338074414375e-09,-1.7272854768766238e-07,0.0,0.0,0.0
woXtalk_T2_R25,woXtalk,2,25,config_com_dj_200G_CAKR_178_PKGA_06_2_2025__Case2.xlsx,li_dj_CR_Design_B_Rev1_THRU.s4p,0,0,2.9686713756327934,12.145130041910736,-11.0,15.836549466657567,10.767143937385596,1.2377935074210775,0.0,0.001339582172374738,2.7606424066249144e-07,1.0042604547636703e-05,-20.0,1,0.8456132857,9.325873406851315e-15,1.1386447340555605e-12,0.0,0.0,-2.6645352591003757e-14,9.547918011776346e-15,0.0,-1.5048726154098802e-16,-7.776821246978545e-20,-1.9654681568795575e-07,0.0,0.0,1.2656542480726785e-14
woXtalk_T2_R26,woXtalk,2,26,config_com_dj_200G_CAKR_178_PKGA_06_2_2025__Case2.xlsx,li_dj_CR_Design_A_Rev1_THRU.s4p,0,0,2.4736346577759525,11.879224494444784,-16.0,15.650321115721875,12.11705960690202,0.9307179564592089,0.0,0.0019372648495354868,1.1915337421312873e-06,2.119319859428116e-05,-20.0,1,0.8357018495,-5.329070518200751e-15,-1.6697754290362354e-13,0.0,0.0,1.7763568394002505e-14,-1.6542323066914832e-14,0.0,8.912141857830846e-17,1.5500702934753696e-19,2.0430434687773724e-18,0.0,0.0,1.1546319456101628e-14
woXtalk_T3_R01,woXtalk,3,1,config_com_dj_200G_CAKR_178_PKGB_06_2_2025__Case3.xlsx,Tx_PCB_4dB_OSFP_22dB_OSFP_4dB_PCB_Rx_TP0_TP5_VendorX_thru1.s4p,0,0,1.1870214416725242,10.670157856630393,-8.0,10.463367429754785,17.873867492216867,0.01959156978980931,0.0,0.006190273461331186,2.433669915694663e-05,0.00019688837985384097,-20.0,1,0.85,3.9968028886505635e-15,-1.0622613899613498e-12,0.0,0.0,-2.1316282072803006e-14,4.336808689942018e-15,0.0,-8.092485015431805e-16,-3.7851551660781794e-07,-4.8599362381662736e-17,0.0,0.0,0.0
woXtalk_T3_R02,woXtalk,3,2,config_com_dj_200G_CAKR_178_PKGB_06_2_2025__Case3.xlsx,Tx_PCB_4dB_OSFP_27dB_OSFP_4dB_PCB_Rx_TP0_TP5_VendorX_thru1.s4p,0,0,-1.1679528024866634,8.931496777968702,-5.0,10.495295547917436,23.685714753419063,-1.0682232235202909,0.0,0.020921664632551743,0.0010053589179115532,0.0019580256243996123,-20.0,1,0.85,0.0,2.0889956431346945e-12,0.0,0.0,0.0,6.328271240363392e-14,0.0,1.2628786905111156e-15,1.220811646218678e-16,-1.8168111747293107e-05,0.0,0.0,0.0
woXtalk_T3_R03,woXtalk,3,3,config_com_dj_200G_CAKR_178_PKGB_06_2_2025__Case3.xlsx,Tx_PCB_4dB_OSFP_22dB_OSFP_4dB_PCB_Rx_TP0_TP5_VendorY_thru1.s4p,0,0,1.2705725129551668,10.753882005810905,-14.0,9.650803469195354,17.323840518176247,0.10215488808242718,0.0,0.005603374902283267,2.067533729415722e-05,0.00016314950333382906,-19.0,1,0.8492247672,-1.0880185641326534e-14,-5.080380560684716e-13,0.0,0.0,7.815970093361102e-14,-3.122502256758253e-14,0.0,-2.1831494945168117e-15,-1.9590178004097458e-17,-1.2069880685194878e-16,0.0,0.0,1.609823385706477e-13
woXtalk_T3_R04,woXtalk,3,4,config_com_dj_200G_CAKR_178_PKGB_06_2_2025__Case3.xlsx,Tx_PCB_4dB_OSFP_27dB_OSFP_4dB_PCB_Rx_TP0_TP5_VendorY_thru1.s4p,0,0,-1.921448298096646,8.399510562874804,-13.0,9.6745823454132,28.728275137912533,-1.2161707505991808,0.0,0.027202352191504298,0.0023427341957887554,0.003229869100979399,-20.0,1,0.85,-1.2434497875801753e-14,-2.220446049250313e-13,0.0,0.0,0.0,-2.1538326677728037e-14,0.0,-6.571132527000145e-15,-1.154024792393571e-15,-1.4818875293531875e-15,0.0,0.0,0.0
woXtalk_T3_R05,woXtalk,3,5,config_com_dj_200G_CAKR_178_PKGB_06_2_2025__Case3.xlsx,HH_5in_DAC_X_0p5m_HN_3in_thru_TP0_Tx7_to_TP5_Rx7.s4p,0,0,3.687486076204287,12.759067871252856,-14.0,14.774742624150129,9.220290908992807,2.077758387518426,0.0,0.0006751587181288866,2.5398186294486012e-08,2.5995071288585575e-06,-19.0,1,0.8266056131,7.549516567451064e-15,3.019806626980426e-13,0.0,0.0,-1.7763568394002505e-14,-8.815170815523743e-13,0.0,-4.716279450311944e-16,-6.788603130579352e-10,-3.3927904702271e-18,0.0,0.0,2.610134330893743e-13
woXtalk_T3_R06,woXtalk,3,6,config_com_dj_200G_CAKR_178_PKGB_06_2_2025__Case3.xlsx,HH_5in_DAC_X_1p0m_HL_2in_thru_TP0_Tx7_to_TP5_Rx7.s4p,0,0,2.6698941523775743,11.840008750290776,-12.0,13.798885244982174,11.547184221532932,0.984504451773567,0.0,0.0020000677909532854,6.978186322254883e-07,2.2366017741864305e-05,-20.0,1,0.85,0.0,-2.0410340084708878e-12,0.0,0.0,-1.7763568394002505e-15,-7.882583474838611e-15,0.0,-5.542441505745899e-16,1.446228070915811e-08,3.953484261642824e-07,0.0,0.0,1.1102230246251565e-16
woXtalk_T3_R07,woXtalk,3,7,config_com_dj_200G_CAKR_178_PKGB_06_2_2025__Case3.xlsx,HN_3in_DAC_X_1p0m_HN_3in_thru_TP0_Tx7_to_TP5_Rx7.s4p,0,0,1.5537250992134657,10.919191700628875,-8.0,13.773400953924133,15.714087765481825,0.22767096546072538,0.0,0.005083411274164405,1.1150956055296701e-05,0.00013239482117793935,-19.0,1,0.85,2.4424906541753444e-15,-3.9612757518625585e-13,0.0,0.0,-1.0658141036401503e-14,4.3298697960381105e-15,0.0,2.445960101127298e-16,1.5178830414797062e-18,-1.916209973660502e-06,0.0,0.0,1.1102230246251565e-16
woXtalk_T3_R08,woXtalk,3,8,config_com_dj_200G_CAKR_178_PKGB_06_2_2025__Case3.xlsx,HN_3in_DAC_X_1p5m_HL_2in_thru_TP0_Tx7_to_TP5_Rx7.s4p,0,0,0.555451564373007,10.17200050600648,-4.0,12.826078008523794,18.782701823531625,-0.38377815367743406,0.0,0.009321558416331387,7.942725993567666e-05,0.0004230889062941954,-20.0,1,0.85,6.106226635438361e-15,-5.577760475716786e-13,0.0,0.0,0.0,-1.7763568394002505e-15,0.0,-8.89913143176102e-16,-1.0870590351345536e-06,-7.752045533271357e-17,0.0,0.0,1.1102230246251565e-16
woXtalk_T3_R09,woXtalk,3,9,config_com_dj_200G_CAKR_178_PKGB_06_2_2025__Case3.xlsx,HH_5in_DAC_Y_0p5m_HN_3in_thru_TP0_Tx7_to_TP5_Rx7.s4p,0,0,3.845838053805906,12.969379551999527,-16.0,14.70364353980927,8.928550211897225,2.2684483358774155,0.0,0.0005263244301472509,1.4051832202866128e-08,1.6069751149429785e-06,-19.0,1,0.8120747393,2.930988785010413e-14,1.3766765505351941e-12,0.0,0.0,-5.1514348342607263e-14,-6.750155989720952e-13,0.0,-4.3259666682171627e-16,-2.944101236198736e-20,-2.4716421400880484e-18,0.0,0.0,1.886268918838141e-13
woXtalk_T3_R10,woXtalk,3,10,config_com_dj_200G_CAKR_178_PKGB_06_2_2025__Case3.xlsx,HH_5in_DAC_Y_1p0m_HL_2in_thru_TP0_Tx7_to_TP5_Rx7.s4p,0,0,2.653039788935624,11.88614185299812,-16.0,13.87578983664477,11.594192349735234,0.9596172377012504,0.0,0.0019419469510249601,7.355281684455423e-07,2.136235882351536e-05,-20.0,1,0.8497734266,-7.993605777301127e-15,1.8136603330276557e-12,0.0,0.0,2.4868995751603507e-14,2.55351295663786e-15,0.0,-1.0842021724855044e-18,-3.5998900258307764e-21,3.7856932204731225e-07,0.0,0.0,1.2656542480726785e-14
woXtalk_T3_R11,woXtalk,3,11,config_com_dj_200G_CAKR_178_PKGB_06_2_2025__Case3.xlsx,HN_3in_DAC_Y_1p0m_HN_3in_thru_TP0_Tx7_to_TP5_Rx7.s4p,0,0,3.0980391997148535,12.291822277964124,-16.0,14.374786258899743,10.457574905606773,1.380987075430778,0.0,0.0012494715131892114,1.8881854528694658e-07,8.991801701503568e-06,-20.0,1,0.8328297395,4.440892098500626e-16,5.417888360170764e-13,0.0,0.0,-3.552713678800501e-15,2.566835632933362e-13,0.0,5.770123961967855e-16,-4.411067763580433e-09,7.884182673043028e-18,0.0,0.0,1.199040866595169e-13
woXtalk_T3_R12,woXtalk,3,12,config_com_dj_200G_CAKR_178_PKGB_06_2_2025__Case3.xlsx,HN_3in_DAC_Y_1p5m_HL_2in_thru_TP0_Tx7_to_TP5_Rx7.s4p,0,0,1.597242728243713,11.031137905713335,-16.0,14.066696194769378,15.495254393610178,0.2628209956041178,0.0,0.004500214889993583,1.0192193829287336e-05,0.00010651060311528144,-20.0,1,0.85,0.0,1.4903633882568101e-12,0.0,0.0,0.0,-1.7208456881689926e-15,0.0,9.723125082850004e-16,5.600581847245434e-18,4.456070928915423e-17,0.0,0.0,0.0
woXtalk_T3_R13,woXtalk,3,13,config_com_dj_200G_CAKR_178_PKGB_06_2_2025__Case3.xlsx,HH_5in_DAC_Z_0p5m_HN_3in_thru_TP0_Tx7_to_TP5_Rx7.s4p,0,0,3.8561510598512485,12.81215787619046,-13.0,15.756247911920845,8.910066001919496,1.9644630182297593,0.0,0.0006144139590839549,1.3780203941064752e-08,2.210402212280121e-06,-19.0,1,0.85,3.9968028886505635e-15,-1.021405182655144e-12,0.0,0.0,-7.105427357601002e-15,-4.6851411639181606e-14,0.0,-6.158268339717665e-17,3.6893580354074255e-10,4.909203951057125e-08,0.0,0.0,0.0
woXtalk_T3_R14,woXtalk,3,14,config_com_dj_200G_CAKR_178_PKGB_06_2_2025__Case3.xlsx,HH_5in_DAC_Z_1p0m_HL_2in_thru_TP0_Tx7_to_TP5_Rx7.s4p,0,0,2.318775058182829,11.533308129538378,-8.0,14.836836133184113,12.604724167717283,0.7051577598224538,0.0,0.0028272796949951134,1.7564397053618327e-06,4.2562509730949266e-05,-20.0,1,0.85,1.7763568394002505e-15,2.291500322826323e-13,0.0,0.0,0.0,8.881784197001252e-16,0.0,-2.6454533008646308e-17,3.384370016116847e-08,-5.421010862427522e-19,0.0,0.0,0.0
woXtalk_T3_R15,woXtalk,3,15,config_com_dj_200G_CAKR_178_PKGB_06_2_2025__Case3.xlsx,HN_3in_DAC_Z_1p0m_HN_3in_thru_TP0_Tx7_to_TP5_Rx7.s4p,0,0,1.337683591984711,10.74291507873059,-3.0,13.962045656095833,16.90947779741201,0.06616494337076481,0.0,0.005950254522416214,1.755989002045061e-05,0.00017676526585143267,-20.0,1,0.85,2.2870594307278225e-14,1.9024781749976682e-12,0.0,0.0,-1.2789769243681803e-13,1.559863349598345e-14,0.0,-1.9255430583342559e-16,-1.5754812818929986e-18,-2.4677761596514987e-06,0.0,0.0,0.0
woXtalk_T3_R16,woXtalk,3,16,config_com_dj_200G_CAKR_178_PKGB_06_2_2025__Case3.xlsx,HN_3in_DAC_Z_1p5m_HL_2in_thru_TP0_Tx7_to_TP5_Rx7.s4p,0,0,-0.45502413019599897,9.451434657065164,4.0,13.230870127907902,21.068697866169316,-1.000860818035419,0.0,0.01582648987453354,0.0003975157405932518,0.0011457913848327225,-20.0,1,0.85,-1.687538997430238e-14,-1.8829382497642655e-13,0.0,0.0,0.0,1.7319479184152442e-14,0.0,-1.4988010832439613e-15,-4.504747052225808e-06,1.1786207539870664e-05,0.0,0.0,0.0
woXtalk_T3_R17,woXtalk,3,17,config_com_dj_200G_CAKR_178_PKGB_06_2_2025__Case3.xlsx,Tx_NPC_250mm_32AWG_BPK_100mm_27AWG_BPK_250mm_32AWG_NPC_Rx_thru1.s4p,0,0,4.8754330880897285,14.06704126143035,-19.0,11.630659581067992,7.340011360187288,4.528457732131343,0.0,0.00010622614501677617,1.5106780977081202e-10,6.301644753777699e-08,-19.0,1,0.7186437217,8.881784197001252e-15,1.3855583347321954e-13,0.0,0.0,-1.2434497875801753e-14,2.3794299863766355e-12,0.0,1.6699423961707982e-16,6.204888569913399e-22,-1.9069210302304832e-09,0.0,0.0,3.566036355096003e-13
woXtalk_T3_R18,woXtalk,3,18,config_com_dj_200G_CAKR_178_PKGB_06_2_2025__Case3.xlsx,Tx_NPC_250mm_32AWG_BPK_300mm_27AWG_BPK_250mm_32AWG_NPC_Rx_thru1.s4p,0,0,4.597258554459213,13.770297364735772,-20.0,11.750789051400773,7.7237877826297945,3.6791148369959332,0.0,0.0001679722938820747,5.878053842363201e-10,1.6588672012958603e-07,-18.0,1,0.7505170438,-2.1316282072803006e-14,-1.142197447734361e-12,0.0,0.0,3.197442310920451e-14,-6.661338147750939e-13,0.0,-1.2110538266663085e-16,-1.1071812499022275e-21,4.547792785678468e-09,0.0,0.0,1.1801670751765414e-13
woXtalk_T3_R19,woXtalk,3,19,config_com_dj_200G_CAKR_178_PKGB_06_2_2025__Case3.xlsx,Tx_NPC_250mm_32AWG_BPK_500mm_27AWG_BPK_250mm_32AWG_NPC_Rx_thru1.s4p,0,0,4.27692894666799,13.44080976355507,-20.0,11.83859428225629,8.20453825892713,2.9047114263783587,0.0,0.0002707564327429286,2.4362186945975516e-09,4.197494687653939e-07,-18.0,1,0.7824204695,-2.4868995751603507e-14,2.3447910280083306e-13,0.0,0.0,4.085620730620576e-14,-4.0234482412415673e-13,0.0,-1.2750217548429532e-16,7.388369502495705e-11,-3.815354031788589e-19,0.0,0.0,8.348877145181177e-14
woXtalk_T3_R20,woXtalk,3,20,config_com_dj_200G_CAKR_178_PKGB_06_2_2025__Case3.xlsx,Tx_NPC_250mm_32AWG_BPK_700mm_27AWG_BPK_250mm_32AWG_NPC_Rx_thru1.s4p,0,0,3.7871493870249,12.992688693515342,-21.0,11.906745982525555,9.034919046647353,2.1846948230752323,0.0,0.0005267586230833882,1.7660584214703173e-08,1.6151589218236506e-06,-19.0,1,0.8029825613,1.7319479184152442e-14,-8.526512829121202e-13,0.0,0.0,-3.552713678800501e-14,-4.645173135031655e-13,0.0,1.4192206437835253e-16,-4.866261344055796e-10,-3.7578321083749e-08,0.0,0.0,1.4366285938649526e-13
woXtalk_T3_R21,woXtalk,3,21,config_com_dj_200G_CAKR_178_PKGB_06_2_2025__Case3.xlsx,Tx_NPC_250mm_32AWG_BPK_900mm_27AWG_BPK_250mm_32AWG_NPC_Rx_thru1.s4p,0,0,3.094860853772926,12.366770116842607,-21.0,11.95133307561376,10.464995572130789,1.410437310523099,0.0,0.0011592329474002707,1.9767597614486177e-07,7.668668570781026e-06,-20.0,1,0.8245264763,-1.7763568394002505e-15,6.465938895416912e-13,0.0,0.0,5.329070518200751e-15,-2.673417043297377e-13,0.0,-4.3042826247674526e-16,-1.8571197368550535e-19,-1.5386347005638292e-07,0.0,0.0,1.1124434706744069e-13
woXtalk_T3_R22,woXtalk,3,22,config_com_dj_200G_CAKR_178_PKGB_06_2_2025__Case3.xlsx,Tx_NPC_250mm_32AWG_BPK_1200mm_27AWG_BPK_250mm_32AWG_NPC_Rx_thru1.s4p,0,0,1.838523481366269,11.291173029083758,-21.0,12.003065745741555,14.389955464436689,0.4470454770716887,0.0,0.0036081328917198546,5.9519876726503656e-06,6.967487311107396e-05,-20.0,1,0.8498747415,1.0658141036401503e-14,-1.2949641359227826e-12,0.0,0.0,-4.618527782440651e-14,-1.3877787807814457e-14,0.0,-1.2190769227427012e-15,-4.9229554894419936e-18,-4.4316763800344994e-17,0.0,0.0,3.11972669919669e-14
woXtalk_T3_R23,woXtalk,3,23,config_com_dj_200G_CAKR_178_PKGB_06_2_2025__Case3.xlsx,Tx_NPC_250mm_32AWG_BPK_1400mm_27AWG_BPK_250mm_32AWG_NPC_Rx_thru1.s4p,0,0,0.7938580056065941,10.456566174890314,-21.0,12.027313509232158,19.27266052490785,-0.13064429868590594,0.0,0.007400420563009319,5.323516511216407e-05,0.00027986391099709204,-20.0,1,0.85,-2.1871393585115584e-14,-9.467981954003335e-13,0.0,0.0,0.0,-1.559863349598345e-14,0.0,3.634245682171411e-16,7.573523730188114e-07,3.5853564072272585e-06,0.0,0.0,0.0
woXtalk_T3_R24,woXtalk,3,24,config_com_dj_200G_CAKR_178_PKGB_06_2_2025__Case3.xlsx,li_dj_CR_Design_C_Rev1_THRU.s4p,0,0,2.2833301221815203,11.531531965962207,-9.0,16.232681478737035,12.721581572347889,0.6874749753134692,0.0,0.0027173403179241167,1.9030715246612721e-06,3.959092003649013e-05,-19.0,1,0.85,-2.0872192862952943e-14,1.5276668818842154e-13,0.0,0.0,7.283063041541027e-14,-6.994405055138486e-15,0.0,2.3375398838787476e-16,4.053052652611827e-19,6.29514886399396e-18,0.0,0.0,1.1102230246251565e-16
woXtalk_T3_R25,woXtalk,3,25,config_com_dj_200G_CAKR_178_PKGB_06_2_2025__Case3.xlsx,li_dj_CR_Design_B_Rev1_THRU.s4p,0,0,2.3880309076647706,11.635182669943099,-12.0,15.836549466657567,12.382163825135244,0.7627414215255263,0.0,0.0024614096400922244,1.4954130051318713e-06,3.352709506025178e-05,-20.0,1,0.85,-7.105427357601002e-15,3.1086244689504383e-13,0.0,0.0,2.4868995751603507e-14,-5.218048215738236e-15,0.0,8.153200337090993e-17,1.3277241448211158e-19,2.168404344971009e-18,0.0,0.0,1.1102230246251565e-16
woXtalk_T3_R26,woXtalk,3,26,config_com_dj_200G_CAKR_178_PKGB_06_2_2025__Case3.xlsx,li_dj_CR_Design_A_Rev1_THRU.s4p,0,0,1.8478782368618496,11.263882696830548,-16.0,15.650321115721875,14.350384144794981,0.44420455317248625,0.0,0.003574527489517155,5.909663128021819e-06,6.839289504546798e-05,-20.0,1,0.8425627127,7.327471962526033e-15,-8.562039965909207e-13,0.0,0.0,-3.907985046680551e-14,-3.469446951953614e-14,0.0,-2.224782857940255e-16,-9.198777807181702e-19,-1.0737605252570775e-06,0.0,0.0,5.906386491005833e-14
woXtalk_T4_R01,woXtalk,4,1,config_com_dj_200G_CAKR_178_PKGB_06_2_2025__Case4.xlsx,Tx_PCB_4dB_OSFP_22dB_OSFP_4dB_PCB_Rx_TP0_TP5_VendorX_thru1.s4p,0,0,-1.6014957138823336,8.614350741730615,-7.0,10.463367429754785,26.12024792365844,-1.1720306361503956,0.0,0.024519729330983057,0.0016740022507821845,0.0026564852413783237,-20.0,1,0.85,-1.709743457922741e-14,0.0,0.0,0.0,5.684341886080802e-14,1.2878587085651816e-14,0.0,7.979727989493313e-17,1.5132218793509084e-05,2.2981047341777243e-05,0.0,0.0,0.0
woXtalk_T4_R02,woXtalk,4,2,config_com_dj_200G_CAKR_178_PKGB_06_2_2025__Case4.xlsx,Tx_PCB_4dB_OSFP_27dB_OSFP_4dB_PCB_Rx_TP0_TP5_VendorX_thru1.s4p,0,0,-4.033403592931643,6.631553377867987,-4.0,10.495295547917436,313.07119549054045,-1.9862215332840383,0.0,0.059663576725495895,nan,0.01359443407268173,-20.0,1,0.85,-1.0658141036401503e-14,1.7710277688820497e-12,0.0,0.0,0.0,1.0413891970983968e-13,0.0,1.0498546476611637e-14,nan,4.588343593958655e-15,0.0,0.0,0.0
woXtalk_T4_R03,woXtalk,4,3,config_com_dj_200G_CAKR_178_PKGB_06_2_2025__Case4.xlsx,Tx_PCB_4dB_OSFP_22dB_OSFP_4dB_PCB_Rx_TP0_TP5_VendorY_thru1.s4p,0,0,-1.5009015372197199,8.675623578934612,-15.0,9.650803469195354,25.657795402789304,-1.1405460147565085,0.0,0.02342385605200027,0.0014869886911840194,0.0024447883964589467,-20.0,1,0.85,-3.9968028886505635e-15,-7.087663789206999e-13,0.0,0.0,0.0,1.5765166949677223e-14,0.0,-8.250344851745695e-15,1.369825819847099e-05,2.1501598066781154e-05,0.0,0.0,0.0
woXtalk_T4_R04,woXtalk,4,4,config_com_dj_200G_CAKR_178_PKGB_06_2_2025__Case4.xlsx,Tx_PCB_4dB_OSFP_27dB_OSFP_4dB_PCB_Rx_TP0_TP5_VendorY_thru1.s4p,0,0,-4.624292959252012,5.97801870947081,-12.0,9.6745823454132,313.07119549054045,-2.0680972256453996,0.0,0.0732040907160321,nan,0.019710910654975315,-20.0,1,0.85,6.217248937900877e-15,5.933031843596837e-13,0.0,0.0,0.0,9.947598300641403e-14,0.0,1.5543122344752192e-15,nan,7.598088824778415e-16,0.0,0.0,0.0
woXtalk_T4_R05,woXtalk,4,5,config_com_dj_200G_CAKR_178_PKGB_06_2_2025__Case4.xlsx,HH_5in_DAC_X_0p5m_HN_3in_thru_TP0_Tx7_to_TP5_Rx7.s4p,0,0,1.544370007868169,10.9776875386383,-14.0,14.774742624150129,15.762005630509206,0.24826377686782297,0.0,0.004697539712969276,1.1611402784145809e-05,0.00011676278089688127,-20.0,1,0.85,-1.84297022087776e-14,6.696865284538944e-13,0.0,0.0,9.592326932761353e-14,-2.42861286636753e-14,0.0,-5.767955557622884e-16,1.9137936220021982e-07,1.6917047540148387e-06,0.0,0.0,1.1102230246251565e-16
woXtalk_T4_R06,woXtalk,4,6,config_com_dj_200G_CAKR_178_PKGB_06_2_2025__Case4.xlsx,HH_5in_DAC_X_1p0m_HL_2in_thru_TP0_Tx7_to_TP5_Rx7.s4p,0,0,-0.06282768541783268,9.728517720277006,-11.0,13.798885244982174,20.671628455076984,-0.548952402853427,0.0,0.012345223237022031,0.00022470916466893029,0.0007333570873981805,-20.0,1,0.85,-3.6637359812630166e-15,1.1528555887707626e-12,0.0,0.0,0.0,-1.3877787807814457e-14,0.0,2.159730727591125e-15,2.705417782729075e-06,2.4730651554394356e-16,0.0,0.0,0.0
woXtalk_T4_R07,woXtalk,4,7,config_com_dj_200G_CAKR_178_PKGB_06_2_2025__Case4.xlsx,HN_3in_DAC_X_1p0m_HN_3in_thru_TP0_Tx7_to_TP5_Rx7.s4p,0,0,-1.0481283081773696,9.002935899137247,-7.0,13.773400953924133,23.01997358099152,-1.0858282872697285,0.0,0.02009482717287897,0.0008682958710082279,0.001814397811636911,-20.0,1,0.85,-1.1102230246251565e-15,2.504663143554353e-12,0.0,0.0,0.0,1.9095836023552692e-14,0.0,8.923417560424696e-15,-8.732939867898363e-06,-1.709917758594098e-05,0.0,0.0,0.0
woXtalk_T4_R08,woXtalk,4,8,config_com_dj_200G_CAKR_178_PKGB_06_2_2025__Case4.xlsx,HN_3in_DAC_X_1p5m_HL_2in_thru_TP0_Tx7_to_TP5_Rx7.s4p,0,0,-2.4114786241169868,8.067146103489076,-4.0,12.826078008523794,32.2556771343946,-1.5372373066466398,0.0,0.03298112426330183,0.0037666539797776323,0.004608047417567548,-20.0,1,0.85,8.881784197001252e-15,-2.398081733190338e-13,0.0,0.0,0.0,5.906386491005833e-14,0.0,-1.790234627208065e-15,-4.2847669856627135e-16,3.5222758557718926e-05,0.0,0.0,0.0
woXtalk_T4_R09,woXtalk,4,9,config_com_dj_200G_CAKR_178_PKGB_06_2_2025__Case4.xlsx,HH_5in_DAC_Y_0p5m_HN_3in_thru_TP0_Tx7_to_TP5_Rx7.s4p,0,0,1.7832743005717728,11.193217255151445,-17.0,14.70364353980927,14.628310678910115,0.40238279109819275,0.0,0.003925644758603834,6.714116813854578e-06,8.301721344762113e-05,-20.0,1,0.85,3.552713678800501e-15,1.4761525335416081e-12,0.0,0.0,-1.7763568394002505e-14,-5.218048215738236e-15,0.0,3.8424124992886277e-16,-1.1805128164774173e-07,1.2555603228877119e-06,0.0,0.0,0.0
woXtalk_T4_R10,woXtalk,4,10,config_com_dj_200G_CAKR_178_PKGB_06_2_2025__Case4.xlsx,HH_5in_DAC_Y_1p0m_HL_2in_thru_TP0_Tx7_to_TP5_Rx7.s4p,0,0,-0.17231365112215236,9.667609318277377,-16.0,13.87578983664477,20.987525288431584,-0.5918885354212061,0.0,0.01299117577312308,0.0002629802722350469,0.0008015051822319114,-20.0,1,0.85,4.6629367034256575e-15,-1.2381207170619746e-12,0.0,0.0,0.0,-4.3298697960381105e-15,0.0,-5.4539706084710815e-15,-2.4795703684743486e-16,-6.329572282970375e-16,0.0,0.0,0.0
woXtalk_T4_R11,woXtalk,4,11,config_com_dj_200G_CAKR_178_PKGB_06_2_2025__Case4.xlsx,HN_3in_DAC_Y_1p0m_HN_3in_thru_TP0_Tx7_to_TP5_Rx7.s4p,0,0,0.5771348004494795,10.228236470556126,-16.0,14.374786258899743,19.400735532451108,-0.2586163854050175,0.0,0.008617863112915375,7.695253802277998e-05,0.0003725956877993746,-20.0,1,0.85,1.3211653993039363e-14,-1.5205614545266144e-12,0.0,0.0,0.0,1.0380585280245214e-14,0.0,-3.622102617839573e-15,-1.062566317202237e-06,-3.01950305037213e-16,0.0,0.0,0.0
woXtalk_T4_R12,woXtalk,4,12,config_com_dj_200G_CAKR_178_PKGB_06_2_2025__Case4.xlsx,HN_3in_DAC_Y_1p5m_HL_2in_thru_TP0_Tx7_to_TP5_Rx7.s4p,0,0,-1.6125572472354528,8.61561713657024,-15.0,14.066696194769378,26.611588163300837,-1.0727007868757557,0.0,0.024254743493532474,0.0016880413819109973,0.002609759338936058,-20.0,1,0.85,4.884981308350689e-15,-3.872457909892546e-13,0.0,0.0,0.0,5.329070518200751e-15,0.0,-7.112366251504909e-16,-1.0321604682062002e-16,-1.444157293750692e-16,0.0,0.0,1.1102230246251565e-16
woXtalk_T4_R13,woXtalk,4,13,config_com_dj_200G_CAKR_178_PKGB_06_2_2025__Case4.xlsx,HH_5in_DAC_Z_0p5m_HN_3in_thru_TP0_Tx7_to_TP5_Rx7.s4p,0,0,1.3503122050284557,10.789472980051533,-12.0,15.756247911920845,16.834013468349276,0.11163820635467103,0.0,0.005479060720906179,1.723806755523244e-05,0.00015414664317302368,-20.0,1,0.85,7.771561172376096e-15,1.2150280781497713e-12,0.0,0.0,-5.684341886080802e-14,1.0408340855860843e-14,0.0,2.0703924685783193e-15,1.6107178524987775e-17,1.1077835697370642e-16,0.0,0.0,1.1102230246251565e-16
woXtalk_T4_R14,woXtalk,4,14,config_com_dj_200G_CAKR_178_PKGB_06_2_2025__Case4.xlsx,HH_5in_DAC_Z_1p0m_HL_2in_thru_TP0_Tx7_to_TP5_Rx7.s4p,0,0,-0.5406298257258803,9.359614103262269,-7.0,14.836836133184113,21.663679770025965,-0.7694178386840811,0.0,0.015883842515449897,0.00044620683637383785,0.001162435734244922,-20.0,1,0.85,2.3869795029440866e-14,1.3375967000683886e-12,0.0,0.0,0.0,4.6851411639181606e-14,0.0,4.822531263215524e-16,-4.956889323057278e-06,6.570265165262157e-17,0.0,0.0,1.1102230246251565e-16
woXtalk_T4_R15,woXtalk,4,15,config_com_dj_200G_CAKR_178_PKGB_06_2_2025__Case4.xlsx,HN_3in_DAC_Z_1p0m_HN_3in_thru_TP0_Tx7_to_TP5_Rx7.s4p,0,0,-1.3667752063103804,8.762311759742698,-4.0,13.962045656095833,23.92124679972602,-1.2486917938398834,0.0,0.023293574046305682,0.0012773445063099023,0.0023816754549973846,-20.0,1,0.85,-8.881784197001252e-15,1.326938559031987e-12,0.0,0.0,0.0,-7.105427357601002e-15,0.0,3.1953606427492787e-15,-1.209570870208611e-05,6.305719835175694e-16,0.0,0.0,0.0
woXtalk_T4_R16,woXtalk,4,16,config_com_dj_200G_CAKR_178_PKGB_06_2_2025__Case4.xlsx,HN_3in_DAC_Z_1p5m_HL_2in_thru_TP0_Tx7_to_TP5_Rx7.s4p,0,0,-3.3108215344474528,7.417288286777961,2.0,13.230870127907902,313.07119549054045,-2.0265553814083823,0.0,0.04519919624712125,0.008144257419597739,0.008144257419597739,-20.0,1,0.85,7.549516567451064e-15,-4.733990977001667e-13,0.0,0.0,0.0,-4.884981308350689e-15,0.0,-8.847089727481716e-15,-5.427330942739568e-05,-5.427330942739568e-05,0.0,0.0,0.0
woXtalk_T4_R17,woXtalk,4,17,config_com_dj_200G_CAKR_178_PKGB_06_2_2025__Case4.xlsx,Tx_NPC_250mm_32AWG_BPK_100mm_27AWG_BPK_250mm_32AWG_NPC_Rx_thru1.s4p,0,0,3.6852941394077803,12.846843396671721,-21.0,11.630659581067992,9.224436884324916,2.143449231180544,0.0,0.0006060929450053838,2.5313167029296454e-08,2.106695356839184e-06,-18.0,1,0.8178684745,-1.4210854715202004e-14,-1.0125233984581428e-13,0.0,0.0,2.842170943040401e-14,9.126033262418787e-13,0.0,1.1545668934798137e-15,1.2599945962652739e-19,7.677930150386605e-18,0.0,0.0,2.453592884421596e-13
woXtalk_T4_R18,woXtalk,4,18,config_com_dj_200G_CAKR_178_PKGB_06_2_2025__Case4.xlsx,Tx_NPC_250mm_32AWG_BPK_300mm_27AWG_BPK_250mm_32AWG_NPC_Rx_thru1.s4p,0,0,3.060007999699107,12.323826393765202,-22.0,11.750789051400773,10.54696735470985,1.472651051179311,0.0,0.0012228220863391428,2.213447140122799e-07,8.656376576165555e-06,-19.0,1,0.8260073545,-1.1546319456101628e-14,2.7355895326763857e-13,0.0,0.0,2.4868995751603507e-14,-3.2440716779547074e-13,0.0,-4.479923376710104e-16,5.031456428711459e-09,1.6865779334095476e-07,0.0,0.0,1.1901590823981678e-13
woXtalk_T4_R19,woXtalk,4,19,config_com_dj_200G_CAKR_178_PKGB_06_2_2025__Case4.xlsx,Tx_NPC_250mm_32AWG_BPK_500mm_27AWG_BPK_250mm_32AWG_NPC_Rx_thru1.s4p,0,0,2.389641616297399,11.742702694378771,-22.0,11.83859428225629,12.377075719066458,0.8471898574738445,0.0,0.0022931869708804355,1.515330685304315e-06,2.9488022193055024e-05,-20.0,1,0.8478748545,-1.1546319456101628e-14,2.234656903965515e-12,0.0,0.0,3.552713678800501e-14,5.206945985491984e-14,0.0,6.657001339060997e-16,1.1348123910839489e-18,1.645276796746753e-17,0.0,0.0,4.04121180963557e-14
woXtalk_T4_R20,woXtalk,4,20,config_com_dj_200G_CAKR_178_PKGB_06_2_2025__Case4.xlsx,Tx_NPC_250mm_32AWG_BPK_700mm_27AWG_BPK_250mm_32AWG_NPC_Rx_thru1.s4p,0,0,1.4760067282111067,11.004948154908163,-21.0,11.906745982525555,16.122074435404087,0.23972750906913962,0.0,0.00467499973997232,1.3236184161653024e-05,0.00011460011513529108,-20.0,1,0.85,-7.327471962526033e-15,-4.0323300254385686e-13,0.0,0.0,3.197442310920451e-14,-4.3298697960381105e-15,0.0,-1.7780915628762273e-16,-2.1978772015044102e-07,-8.090858712173077e-18,0.0,0.0,1.1102230246251565e-16
woXtalk_T4_R21,woXtalk,4,21,config_com_dj_200G_CAKR_178_PKGB_06_2_2025__Case4.xlsx,Tx_NPC_250mm_32AWG_BPK_900mm_27AWG_BPK_250mm_32AWG_NPC_Rx_thru1.s4p,0,0,0.3836158883514187,10.151306431923967,-22.0,11.95133307561376,20.00782160308421,-0.3475925477404787,0.0,0.009453785794765414,0.00010976955034515705,0.0004450809262291238,-20.0,1,0.85,5.329070518200751e-15,1.3820056210533949e-12,0.0,0.0,0.0,-3.497202527569243e-15,0.0,4.066191827689636e-15,1.1030401852324401e-16,3.653219220189907e-16,0.0,0.0,0.0
woXtalk_T4_R22,woXtalk,4,22,config_com_dj_200G_CAKR_178_PKGB_06_2_2025__Case4.xlsx,Tx_NPC_250mm_32AWG_BPK_1200mm_27AWG_BPK_250mm_32AWG_NPC_Rx_thru1.s4p,0,0,-1.4395953895654456,8.78475283844349,-21.0,12.003065745741555,25.808937021071188,-1.0831220557109364,0.0,0.022568938252378625,0.0013804253950877388,0.0022643983250523426,-20.0,1,0.85,1.1102230246251565e-15,-5.240252676230739e-13,0.0,0.0,0.0,-2.3314683517128287e-14,0.0,-1.2177758801357186e-15,-1.2996312817092903e-05,-2.463307335887066e-16,0.0,0.0,0.0
woXtalk_T4_R23,woXtalk,4,23,config_com_dj_200G_CAKR_178_PKGB_06_2_2025__Case4.xlsx,Tx_NPC_250mm_32AWG_BPK_1400mm_27AWG_BPK_250mm_32AWG_NPC_Rx_thru1.s4p,0,0,-2.8491881692163936,7.843974068121083,-22.0,12.027313509232158,53.996754517344925,-1.564341208383525,0.0,0.03671896487331055,0.005551904114522472,0.00559259084556795,-20.0,1,0.85,-4.884981308350689e-15,1.950439809661475e-12,0.0,0.0,0.0,5.639932965095795e-14,0.0,9.672818102046676e-15,2.6324428747948048e-15,2.6471880243406076e-15,0.0,0.0,0.0
woXtalk_T4_R24,woXtalk,4,24,config_com_dj_200G_CAKR_178_PKGB_06_2_2025__Case4.xlsx,li_dj_CR_Design_C_Rev1_THRU.s4p,0,0,-0.6419732918297438,9.288120133172754,-7.0,16.232681478737035,22.40826816773665,-0.7487285814915864,0.0,0.016201813346000862,0.0005159399549912856,0.0012212461957154456,-20.0,1,0.85,-2.6645352591003757e-15,-1.4068746168049984e-12,0.0,0.0,0.0,-1.6542323066914832e-14,0.0,9.992007221626409e-16,5.5850764562976815e-06,1.3856103764364747e-16,0.0,0.0,0.0
woXtalk_T4_R25,woXtalk,4,25,config_com_dj_200G_CAKR_178_PKGB_06_2_2025__Case4.xlsx,li_dj_CR_Design_B_Rev1_THRU.s4p,0,0,-0.4279628940246176,9.448469371320847,-11.0,15.836549466657567,21.752757462217232,-0.6670240693916968,0.0,0.01464758191989238,0.0003852156139730769,0.001004080866686783,-20.0,1,0.85,-3.552713678800501e-15,2.8066438062523957e-13,0.0,0.0,0.0,-4.163336342344337e-14,0.0,6.361230986406952e-15,3.6434614006375377e-16,8.122842676261399e-16,0.0,0.0,0.0
woXtalk_T4_R26,woXtalk,4,26,config_com_dj_200G_CAKR_178_PKGB_06_2_2025__Case4.xlsx,li_dj_CR_Design_A_Rev1_THRU.s4p,0,0,-1.1250421158630681,8.976138359939883,-16.0,15.650321115721875,24.543854301394276,-0.8974183967568719,0.0,0.0196351317942397,0.0009479442557286022,0.0017459441635124366,-20.0,1,0.85,-6.217248937900877e-15,8.01136934569513e-13,0.0,0.0,-5.684341886080802e-14,1.9872992140790302e-14,0.0,-6.7584826624056404e-15,-9.478863576871193e-06,-1.6545652655013555e-05,0.0,0.0,0.0
